frame_index,timestamp_ms,left_knee_2d,right_knee_2d,left_hip_2d,right_hip_2d,left_knee_3d,right_knee_3d,left_hip_3d,right_hip_3d,left_knee_2d_smoothed,right_knee_2d_smoothed
0,0,158.9646200516888,163.4717796888479,162.29515117262733,161.7557486739107,155.1143393434596,158.0058650205281,170.08553733350868,168.09702764753024,158.9646200516888,163.4717796888479
1,16,160.36548503471266,164.1997848967134,162.51455022149122,162.24230449780586,157.9421445772895,160.9205847251235,173.52648319172414,173.06539352042424,159.66505254320072,163.83578229278066
2,33,162.81722034746065,163.9152739691462,163.71755349712285,162.31742765254282,160.2323346665689,163.32271271855512,175.64619841729385,174.28078091457678,160.7157751446207,163.86227951823585
3,50,165.04049717805214,164.8078636459682,164.14192941568137,162.60809145833875,162.1292769828551,164.6808588627708,172.86245995147914,173.93078289104875,161.79695565297857,164.09867555016893
4,66,166.39294234342003,166.54065445867315,164.27491574304068,162.83977122804566,162.81899764962796,164.19614672789302,171.6977915564579,171.68636631943704,162.71615299106685,164.58707133186977
5,83,167.70481852974123,167.76945600280655,164.45390430295268,163.13399882932066,162.84796133792523,162.35509625405803,170.56133682044714,169.27614988262448,164.46419268667734,165.44660659466152
6,100,169.3798771489834,169.32553352600624,164.8610053351895,163.71167043982794,164.4439944998531,163.0660987429923,170.42177545277022,168.32319497242648,166.26707110953149,166.47175632052006
7,116,170.7398013618003,171.3905067137758,165.19298245896738,164.61752679566496,164.65964795239827,162.56255556344104,170.66683163669927,167.19425902998702,167.8515873123994,167.96680286944598
8,133,171.08299536747523,173.5306481843422,165.0806207559696,165.4823465765868,164.4794768104912,162.42817942117222,171.13693445680792,167.61980480508512,169.06008695028405,169.71135977712078
9,150,172.23566444064264,175.2119324866455,165.53146117387968,165.98966462625805,164.77729164885474,162.86831317937376,171.43075683700985,167.98506041965487,170.22863136972856,171.4456153827153
10,166,173.104125681033,175.99191353794376,165.82215143502916,166.36867456494616,164.60593214799295,163.18346802400052,171.33707859078896,168.5121550270018,171.30849279998694,173.0901068897427
11,183,173.50175764952542,176.58244691081245,165.97125040579448,166.6393933223315,164.39088240250058,163.26961177562373,171.33631340188148,168.46242167260016,172.1328689000953,174.54148956670394
12,200,173.8254491728019,177.1557867958723,166.0610419671653,166.9061170795294,164.17616287231183,162.99493135208095,170.34245061303383,166.31227251851502,172.74999846229565,175.69454558312322
13,216,174.07155894183734,177.9769001870234,166.22107124303093,167.2314164762536,163.7905246153274,162.21425729142857,169.95704805000074,165.6757908633137,173.34771117716804,176.58379598365946
14,233,174.30648620030553,179.025961807249,166.39323463013417,167.60567446026786,163.67934990471318,161.2283688455338,169.60614789265432,163.89193097934984,173.76187552910065,177.3466018477802
15,250,174.2898728890851,179.66126998878823,166.5206999488084,168.0927235069028,163.7929894441494,159.7432766295038,169.32748315909495,162.5339693292942,173.99902497071105,178.0804731379491
16,266,174.31383337190334,178.23230300872598,166.6947803824495,168.67666721548505,163.55924563709888,159.5141564671212,169.1322940137742,162.5586309681503,174.16144011518662,178.4104443575318
17,283,174.2782787139896,176.77253138915708,166.858751262623,169.3465274641813,163.09300432473054,158.91356865491332,169.52465867335349,162.64498461450486,174.25200602342417,178.33379327618874
18,300,174.25527183737282,177.37013710432583,166.9517214760256,169.64830851864235,163.14097463339616,158.74183906972414,169.64289385879428,162.81337824855376,174.28874860253126,178.21244065964922
19,316,174.4967093910663,178.50853609744942,167.10983164614262,169.52782310109478,162.91380158374048,158.17062130989768,169.00150299015044,161.09828292209195,174.32679324068346,178.1089555176893
20,333,174.56030759518268,178.60654599340353,167.26571697312067,169.86290944589845,162.2322704677779,158.1643903213357,169.11001851067746,160.79691046601195,174.3808801819029,177.8980107186124
21,350,174.91543563265844,179.5624163274365,167.443662155921,169.81702268596834,161.59008104203198,158.42252465869484,170.59080549890055,160.13125691820161,174.501200634054,178.1640333823545
22,366,174.870975151458,179.58288566088132,167.59978202916753,169.79914473509635,160.694442774073,159.60423238641707,171.54657702604212,160.12455419969632,174.61973992154768,178.7261042366993
23,383,174.96079917571592,179.57316917417015,167.68736566742677,169.74291782538506,160.22999783739021,160.83277356563312,175.9828449570747,159.2026758637809,174.76084538921629,179.1667106506682
24,400,175.06230221303232,179.2748751496172,167.82595452009843,169.79892061047335,159.85069381385023,161.9803781155667,179.5682298656741,158.54060347146572,174.87396395360946,179.31997846110173
25,416,175.00670012020268,179.23142555225354,167.98949023373612,169.83785153950598,160.74557273556653,163.17550307206068,175.91766676860098,156.2754278316269,174.96324245861348,179.44495437287173
26,433,174.08307888789213,179.5355210418017,167.3459393294426,170.2343739045119,158.507666665433,162.95435721769118,174.97793841138372,154.6824320836117,174.79677110966023,179.43957531574478
27,450,172.63738306652124,179.94783534335556,166.51032217348202,170.6807633962403,156.8333224664575,161.80047409711543,175.37953901756347,155.7501415137679,174.35005269267288,179.51256525223963
28,466,171.02264805110082,179.19768514507237,165.68725405193211,170.6782552601729,155.06584131862593,160.45529095444454,175.8497186703947,156.94863923273104,173.56242246774983,179.43746844642007
29,483,166.12962053551615,177.74434510915972,162.77566883844065,170.95539151666532,151.8672981612699,160.2855298644507,175.0512323148663,157.1473506178632,171.77588613224657,179.1313624383286
30,500,162.35726773874018,174.40812867745763,160.50596602799408,170.46263058786593,150.54978310519866,157.55793789059473,174.04227767683804,157.5863227671246,169.24599965595408,178.16670306336943
31,516,156.848795543433,171.66350543454558,157.90659165277503,169.7644843573151,140.20434225422696,152.88086539590526,169.8410341677063,160.1247319056749,165.79914298706225,176.59229994191818
32,533,153.16143598813036,169.2545336005427,156.037700114781,169.21717499823873,132.16822421309632,151.00890092081218,165.7197146517889,161.39833863296988,161.9039535713841,174.4536395933556
33,550,152.64603406173214,168.17842997196354,155.03593011846098,169.15716421739754,131.48709286280808,151.20599468992756,165.0687113045407,161.74994794472258,158.22863077351036,172.24978855873383
34,566,148.45936880326482,167.38861249935755,153.11720881060594,168.928696583713,127.1636067688604,151.25616867727257,162.8943255799334,162.49233670682403,154.69458042706012,170.1786420367734
35,583,146.28386836592964,166.93443524246211,152.00627940768513,168.9197639587975,128.3271242414346,151.63082705530942,163.12611714304663,163.02823711226253,151.479900552498,168.6839033497743
36,600,146.8544283442859,166.59451190123985,152.11288339386078,168.71362699343294,127.62275429438115,153.48461366330562,164.27567681175054,164.56994358460318,149.48102711266856,167.67010464311315
37,616,149.3278371654576,166.74723752242375,152.3126177689816,168.83317643425153,132.52038599172968,156.3766104028664,167.08439046457156,166.26048917492417,148.714307348134,167.16864542748937
38,633,151.7646570019926,166.8215806979594,152.6784194239714,168.4463577789656,137.5199246924343,159.19789679160385,169.31656562526717,167.85119716057886,148.5380319361861,166.89727557268853
39,650,153.06173399649612,167.21949927143876,152.88198914282296,168.80003805000413,140.67244099624725,160.42073064339792,170.12160483240828,168.8625477189779,149.45850497483235,166.8634529271048
40,666,155.2151624083448,167.29214722376005,153.02112336673312,168.9710883853128,141.56046822071193,160.5210548800688,170.2205077899454,169.28418692233856,151.2447637833154,166.93499532336438
41,683,156.4330002880684,167.25581299992294,152.9348846639984,168.98540353644884,142.85813963860247,160.0257994429062,170.34523693711975,169.24317214841295,153.16047817207192,167.06725554310097
42,700,158.66749219727535,167.1543776449367,153.1891641155212,168.84522043190753,144.04318834591476,160.57303334964692,170.81717222938997,169.4664606493364,155.02840917843545,167.14868356760357
43,716,160.2812462499407,167.18672618349785,153.51780322508174,169.4115156211102,146.75027477791662,161.47721941777397,170.99185679749434,169.5549893935836,156.7317270280251,167.22171266471125
44,733,161.84674306219412,167.2619415208969,154.00745331059198,169.31544758288976,150.86222074167026,161.44116063530777,170.66024866393812,168.29839778235493,158.4887288411647,167.2302011146029
45,750,163.43927222036925,167.1585814338628,154.3276802297902,169.4782157327581,153.64360942967886,161.60641633425828,166.3750435629776,168.0476477571492,160.13355080356956,167.20348795662343
46,767,164.12707341839362,166.50031256312377,154.538986769458,169.4754004415294,150.16910996886543,161.53154628676373,162.687034671599,168.04767819407905,161.6723654296346,167.05238786926358
47,783,165.00494924574073,166.53871880846125,154.75069151924498,169.62799402014844,150.01504298511622,161.14147447799255,161.3969811614861,167.99954247162873,162.93985683932766,166.92925610196852
48,800,165.63608883765494,166.26906604401938,155.0474144537857,169.76521210693144,151.05724221852847,158.81089784679048,162.0239608214406,168.0696634920579,164.01082535687053,166.74572407407283
49,817,166.22042093207696,166.47786610429478,155.18999643488655,169.9575743303969,150.79493313237393,157.7659954147319,159.6409937464653,167.67980557073176,164.8855609308471,166.58890899075237
50,833,166.3756673016096,166.34066930719035,155.32014255861841,170.0986541121681,154.99418332101365,158.2789054191398,160.38428210414122,169.63517250587682,165.47283994709517,166.4253265654179
51,850,166.68664359901595,166.18552126050167,155.5041307845955,170.16377299980152,159.29500843607278,160.22519111955958,160.35867185089322,171.83858285925538,165.98475398321963,166.36236830489347
52,867,167.79074131793053,166.16965730739574,155.6982815790306,170.49072256911532,159.49843689167346,161.15513175591408,160.19809417487534,175.23016358865902,166.5419123976576,166.28855600468037
53,883,168.59003642155403,166.25108051274444,156.03616658597247,170.53149411513326,160.89664714981947,161.10712707093157,160.2982256888855,176.29374319151043,167.1327019144374,166.2849588984254
54,900,169.34299340553807,166.22968650630537,156.14392611421783,170.63025297606563,161.74239265421232,162.2377814816636,159.5721557370255,175.71799266163362,167.75721640912963,166.23532297882753
55,917,170.36877902535417,166.36022856395218,156.1043168614136,170.75853164364747,163.3297513166238,163.137001079951,159.2443584002323,176.5837912740096,168.55583875387856,166.2392348301799
56,933,171.05428883432657,166.73724971251596,156.3717334248396,170.95591815610527,162.26925945478473,162.48113129866402,158.3533817793356,176.95460704112944,169.4293678009407,166.34958052058272
57,950,172.21460583534434,166.74679940526025,156.17067859044244,171.07107565344032,163.0013624999135,163.73887750333293,158.4029651153172,176.97009942430347,170.31414070442344,166.46500894015566
58,967,172.50291256559328,167.03748176980255,156.1587525111888,171.23788558391487,163.7578863145209,163.345192698288,156.7680794628825,177.42761769450635,171.09671593323128,166.62228919156726
59,983,172.96171332740275,166.9201463707521,156.2118262866608,171.32527276835702,161.8823675262828,163.91691567043577,157.4981958732125,177.8563242666906,171.82045991760424,166.76038116445662
60,1000,173.30932153861795,166.92017918218218,156.31635793155428,171.44899932940132,161.3949662655714,163.80242704620892,157.4811101068908,178.16962910714895,172.40856842025698,166.8723712881026
61,1017,174.03263036635514,166.85727649244362,156.62621407044054,171.60055988578193,160.4000644138269,163.99271955616888,158.37574306678354,178.1284864793805,173.0042367266627,166.89637664408812
62,1033,174.6873049854645,166.72673570627916,156.57498827453546,171.99740491776186,160.6071599133113,163.76985206382594,158.1971799001073,178.20333282671731,173.49877655668672,166.89236390429193
63,1050,175.08656109228411,166.95323611027843,156.5102083224071,172.20881263185828,160.60106297898605,163.27144886012204,158.48621554050354,177.8303305315132,174.01550626202487,166.8755147723871
64,1067,175.73794839535282,166.50203337232278,156.83004511108763,172.03484195347673,161.5810967565685,161.25700869233245,156.66886568215978,178.02886756014368,174.57075327561492,166.79189217270124
65,1083,176.28313400178402,166.3114107366754,156.91839246653907,172.0228470255153,160.33864502512853,161.5313681117541,157.53760448020333,177.23239558993942,175.1655157682481,166.67013848359989
66,1100,176.91952427184506,165.99965399542893,156.93669563282012,172.4220910298042,160.61253990160023,160.47744268364414,157.7169057243269,176.99671639227236,175.7428945493461,166.49861398419694
67,1117,177.6867617959319,165.02176785517034,157.17743594905366,172.5126093381194,160.4466343340558,157.6810350066885,156.98825021701575,177.13404797276573,176.34278591143956,166.15762041397517
68,1133,178.51776232242,163.71436725446074,157.62860803395637,172.25232317408185,159.73489672929338,156.13134188060337,155.99243704595796,177.45795951914096,177.02902615746677,165.50984664281162
69,1150,178.55078015175064,163.04513490795264,157.83543915644975,171.97491055708704,158.15976523548338,153.82776589390377,155.85967099186186,178.18795584662203,177.59159250874632,164.8184669499376
70,1167,178.36075586769343,162.03465163636736,157.91476821776834,171.55903902172452,157.60235511034426,153.12699494518333,156.4592599645679,178.08821211501407,178.0071168819282,163.963115129876
71,1183,178.13011643764276,160.78780549878667,158.58250685228631,170.71345144384316,156.2869477921385,152.6118852840946,156.04343078040722,176.8233212606955,178.24923531508773,162.92074543054756
72,1200,177.20052148112813,160.3040905291347,158.6890424500654,170.56140227542573,155.41684078839992,153.19911586613486,156.44074473386453,175.4372400288776,178.151987252127,161.97720996534042
73,1217,175.1548575478389,158.8551693033727,158.88346916262847,169.36733429318443,152.75768029097378,152.5380787952946,155.66862676981086,175.1765520315775,177.47940629721077,161.00537037512282
74,1233,174.04954024458388,157.92577890205496,158.75525280020142,168.7800781511698,151.33387423973454,154.40597126188257,156.13360893704206,174.2143212759561,176.57915831577742,159.9814991739433
75,1250,174.6996302371355,155.78332954051933,160.40776410631133,167.40037232456422,150.8941130441193,156.2945982061266,160.08116852048687,172.149213401551,175.84693318966583,158.73123475477368
76,1267,174.74900631807006,153.42685997397132,161.84335107052306,165.85600214066906,148.96031948505876,154.91924721947223,163.27320481895293,171.9811187701833,175.1707111657513,157.2590456498106
77,1283,174.6253757650081,151.70470775302906,163.10092443522984,164.77777446140055,149.4063985310699,153.76557971064,165.5690790795935,171.42411217772604,174.6556820225273,155.53916909458945
78,1300,174.04600329803725,149.94415149830348,163.7899069792559,163.8862669327049,149.42616877403074,152.4593622668478,167.67861807606917,170.5681070845139,174.43391117256698,153.75696553357562
79,1317,173.3527451574912,148.53114641248914,164.88992771225048,162.750201752835,148.78917115794437,150.15289658831534,168.7313700151784,170.60251333273743,174.29455215514844,151.87803903566245
80,1333,173.83500358002172,147.6430418675111,166.42056291736517,162.54145572225255,148.64331481159456,145.643787858417,168.3939209908045,171.15774455038655,174.12162682372568,150.24998150106083
81,1350,173.30577009635877,146.58416587197357,166.78545771247764,162.38812637463218,148.79679641128973,135.5514204039399,168.12081160347546,171.55959442846608,173.83297957938342,148.88144268066128
82,1367,172.5082726735337,145.9751146150718,166.3125267227842,162.29304599984505,148.40981803081732,132.95089841714423,167.89948141697522,171.45914847990863,173.40955896108852,147.7355240530698
83,1383,171.87688727631283,145.5431365608685,165.91665347823977,162.24527059699668,148.79602126076597,130.5731858312239,168.03351807446134,171.01811637386422,172.97573575674363,146.8553210655828
84,1400,171.7718601056554,145.7992183074046,165.75614982927803,162.47377669234774,148.8310797960207,132.68122932133718,168.03365627986125,171.66539284143406,172.6595587463765,146.3089354445659
85,1417,171.39664778449054,146.75948173126514,164.7671961883076,163.2709216132324,149.41883409052733,134.23452465731273,167.98523650425227,172.44014933167858,172.17188758727025,146.13222341731674
86,1433,171.5113405287089,148.09583149631342,163.9203115366509,163.93176826374977,150.62026386402394,138.20817376237073,168.68890288881482,172.86076765704698,171.81300167374025,146.43455654218468
87,1450,171.2617416190046,150.6426078658126,163.75616463466753,164.80500490742318,150.17357220561482,139.01146833910138,167.85458951400193,173.2929696139608,171.56369546283446,147.36805519233286
88,1467,171.29415152473598,154.0298906372706,163.71504654267378,165.42090106297337,150.485107372632,143.30533004019057,166.58235905732056,173.53713100252205,171.4471483125191,149.06540600761326
89,1484,171.29065071088124,159.98301545387747,162.9997955747687,167.18181267019798,151.4799853462406,149.19501472696567,165.33186228425453,173.93378628439086,171.35090643356426,151.90216543690784
90,1500,171.9200095018666,163.81574763137888,163.52268702761188,167.51064306980052,151.839512491745,152.7934580516933,165.93880366527483,174.02465460659147,171.45557877703945,155.3134186169306
91,1517,172.02163749845658,166.83992124696078,163.25078019087871,168.0675964892941,152.79755562926928,157.62560173064955,166.70104564984769,173.654546016512,171.557638170989,159.06223656706007
92,1534,172.04350795275548,169.53023922884393,163.36910877347938,168.65402683297327,152.09666066279337,159.02359362534014,167.2790184716028,172.527465326107,171.71399143773917,162.83976283966632
93,1550,172.44316639849558,171.64474929778333,163.6459404418402,169.08301258573766,152.91555030776524,158.7299600271452,166.77033288061358,169.88483790995474,171.9437944124911,166.3627345717689
94,1567,172.74356855878284,173.60827805333733,163.81833873175893,169.71605402064802,154.6097312601333,159.95559695921713,166.99315606199218,170.0237464757279,172.2343779820714,169.08778709166086
95,1584,172.96514213318244,175.20432588027438,164.2915379688649,170.12807227933342,157.8630394853836,161.97205136763102,168.19649408129513,170.14094708897318,172.4434045083346,171.36550274143994
96,1600,173.1536220684608,176.62253058568047,164.37765611765286,171.1056805576643,158.2194049731321,161.2318657696483,167.95520106484176,169.24560551718355,172.6698014223354,173.32202460918387
97,1617,173.68531707761966,177.2867802708556,164.8087038105611,171.25521582859955,160.83172400597155,163.1650235712397,169.39274472641856,169.43757572403524,172.99816324730824,174.87333281758623
98,1634,174.25354074888233,178.68179782750383,165.18849633399134,171.84143030043458,161.0831641294347,163.47278533437503,169.17744043020636,167.2351246983334,173.3602381173856,176.28074252353034
99,1650,174.7989003360777,179.6789190526007,165.79810640070127,172.1771260288454,161.26555186575925,163.00286482883487,169.15645764373323,163.31063703155507,173.77130447284458,177.494870723383
100,1667,175.228050482344,179.57813942130713,166.3896596755179,172.59854907124304,165.08855510834397,162.13136394767412,168.93407666097434,161.56338995332646,174.22388614267692,178.36963343158953
101,1684,175.4955864278748,179.92872325650708,166.78377292564724,173.01840788854588,164.02540192401668,160.52022107408806,170.16487236045336,165.07282542152058,174.6922790145597,179.03087196575487
102,1700,176.0053709729459,179.49600377577056,167.2261565802012,173.65258217461025,163.00085467277356,160.03346001663522,169.95555374112692,164.5315886540979,175.15628979362495,179.47271666673785
103,1717,176.4115499763397,177.7415921344965,167.8077889025404,175.048695648111,164.24761715357994,160.42244980452625,168.3951117092958,162.63420343985703,175.58789163911644,179.28467552813638
104,1734,176.64151802385348,176.8275807798636,168.28673603011802,176.43549917905614,162.9612659190267,160.83895564136768,164.4801651612125,161.7911302291872,175.95641517667158,178.71440787358898
105,1750,176.82525495799894,176.02767042085324,168.97006790033785,177.3874463536185,161.18447844541987,160.21104567899945,164.06492203713606,161.37741600293666,176.27585607180256,178.00431407349822
106,1767,175.7886298388397,174.8818924204928,169.26185251677242,178.42567789202118,159.55749934587757,160.4998692249627,164.31688746052083,161.41198288365618,176.33446475399555,176.99494790629535
107,1784,175.3756821882667,174.10021051401927,169.99149435133208,179.43988442024013,160.71362754138997,160.71696003617927,165.47071943728176,162.49922190223492,176.2085269970597,175.9157892539451
108,1800,175.17555357994766,176.01189208379105,170.3147561811605,179.29124824395942,159.821374415109,163.18443477976274,159.84276898522856,162.10807478542733,175.96132771778127,175.569849243804
109,1817,174.92130657250377,176.11325988347966,170.63482473006667,179.34244030010257,158.35656922464256,162.51145961250455,160.54478217146266,162.2584869901651,175.61728542751135,175.4269850645272
110,1834,174.1450328102622,177.7044792688324,170.7016838121028,178.58751091721652,160.1852330679518,162.79886633837467,161.95321363843652,162.92737591158595,175.08124099796402,175.76234683412306
111,1850,173.5281754788171,178.8202297579954,170.63306607183873,177.95826903151107,159.67627524318024,163.1340068212318,164.51068150874173,163.81118660203768,174.62915012595948,176.55001430162355
112,1867,173.2840134762433,179.63971050732707,170.86683957752624,177.5452587347685,158.9496089485681,166.90034371276522,166.97087531117054,168.0682901148416,174.2108163835548,177.6579143002851
113,1884,173.0458839369393,179.2224495958113,170.89314849568524,176.8472224420373,158.90293936731388,167.85854167956148,168.5745290768464,169.33384587532905,173.78488245495313,178.30002580268916
114,1900,172.1598635413633,179.02265575516432,171.00471112207504,176.13683845920616,159.300863904081,168.84442316836552,173.7427916766685,168.41741892759427,173.23259384872503,178.8819049770261
115,1917,171.29457904564066,177.53039421126755,171.03224045219324,175.3680671268871,159.5218567479469,168.5736807925805,173.6279569670352,169.83717581461096,172.66250309580073,178.84708796551314
116,1934,168.93272112019034,176.25055888533245,170.4147382006163,174.59670099052607,155.83146450993777,168.40084511626168,177.5237832880153,169.39683207243704,171.74341222407537,178.33315379098053
117,1950,166.53272571202214,176.32632697402366,169.56451605912218,174.2053196395018,154.7922780552365,168.9806042098815,176.52488690914691,168.9640438936816,170.39315467123114,177.67047708431986
118,1967,164.28695204570536,176.5675897547984,168.96851035213888,174.16453538470256,153.47719040558786,168.9402699228345,174.70083006421942,169.2371006775001,168.64136829298437,177.13950511611728
119,1984,161.40472192500079,175.7132911998462,168.0372398794658,173.86908631315475,151.13931024458842,166.2833733617856,176.96298091263165,169.39598719180137,166.49033996971187,176.47763220505368
120,2000,159.89053871183708,173.48917690603844,167.44909261529259,173.1094761734038,151.19430490044917,163.63190800065604,177.4573539894162,169.37766808505708,164.20953190295114,175.66938874400785
121,2017,156.26593335477483,172.23535723448916,165.6171878801727,173.31207061395014,148.03442055305908,162.58287932682407,175.54950127514394,169.40299787631318,161.67617434986803,174.86634841383915
122,2034,152.5440516241557,170.53834565470743,163.31164652212877,172.970073596124,144.1314085760087,162.61187712496678,174.15208971831836,169.91523587163366,158.87843953229475,173.7087521499759
123,2050,151.32040146336718,169.99543774099791,161.37393237883595,173.69462044886822,144.72724192887225,164.09326735600638,174.20269830056273,172.22190450778496,156.2851294158271,172.39432174721583
124,2067,148.7235033660591,168.43578397256564,159.69761780137358,173.4948838796293,143.25208315674345,164.03891490803707,174.2900722745756,172.6501591716031,153.74888570403877,170.9388203017597
125,2084,149.79823157815753,167.44831166301947,159.6467868138986,173.25010617555478,142.95115095084415,164.6598083739922,174.44936228466113,174.59694929881388,151.7304242773029,169.73064725315592
126,2100,150.76599025164205,167.0528660067989,159.9276666575044,173.1324958748464,143.2663836668475,165.54791814282777,173.90986271773872,175.82374703450012,150.6304356566763,168.69414900761788
127,2117,151.9964834192278,167.36646392343062,159.8368203186933,173.06986544488907,144.7114070641904,166.68849103221785,173.1646276660238,175.6475161745307,150.52092201569076,168.0597726613625
128,2134,154.72665515353754,168.1322425380597,159.5483847504262,174.00790845893306,145.47090852817948,167.73241079788323,172.60294853391073,175.05703940184424,151.20217275372482,167.6871336207749
129,2150,157.7408390640807,168.68482226749802,158.61518384259992,174.86490957240963,145.0650361959751,169.51173127545368,171.8188158741416,174.4122114455154,153.00563989332912,167.73694127976134
130,2167,165.16218260076064,169.23577660419235,158.21225736149822,176.04932624175655,145.1300993583151,168.70150808513569,172.05105336554675,174.1691758254091,156.07843009784975,168.09443426799592
131,2184,170.89165787260495,169.63894879571203,157.85238226102962,177.20386257628,145.80812762997255,167.6261447719263,172.55355022904308,173.96172424480724,160.10356362204232,168.61165082577855
132,2201,178.79979807397365,170.45215989326863,158.4343409405351,178.83519553467255,142.7793123262796,168.05376449927869,174.03592601622665,173.48958112563918,165.46422655299148,169.22879001974616
133,2217,172.90264108410523,170.31046700072685,160.68446779686482,178.76470230573955,137.52987812185012,168.95707539267323,175.8415805951036,173.65115408491013,169.09942373910502,169.66443491227957
134,2234,166.2585321462303,170.4459074857776,161.48727757186768,179.32044642733993,133.74238863666926,168.51148163321983,173.61794820712106,173.23467514424075,170.80296235553493,170.01665195593552
135,2251,162.16635109287398,170.5412929730907,162.21457928456115,179.41422467412062,130.8028888509994,166.92110337451481,169.2611908258882,172.7239928142974,170.2037960539576,170.27775522971515
136,2267,159.17601669990336,170.65918173163104,161.91216560035858,179.65483009677584,136.08412322980146,166.42752190136684,165.42875882257655,171.37429005338254,167.8606678194173,170.48180181689898
137,2284,159.47662654309025,170.455925240043,161.18385176444443,179.69536312138038,142.88318109293647,166.26334147283475,165.04702749855383,170.8831876071835,163.9960335132406,170.48255488625384
138,2301,160.31273643293153,169.36031495821445,159.77698593084654,179.54089916468456,147.9540161570877,166.44170228838198,165.55581417087592,170.63487855220384,161.47805258300588,170.29252447775136
139,2317,159.7229256393794,169.2067475415302,159.71595297710076,179.36186536278166,152.32498683557125,166.8534596499755,165.40403250056718,170.72344245087152,160.1709312816357,170.04469248890186
140,2334,160.7484668995017,168.09040659318887,158.82179921105762,179.00869392031086,154.80790066189903,166.6631169041599,163.2749754931232,171.05039367671435,159.88735444296123,169.55451521292153
141,2351,160.23270203390868,166.3469450692671,158.9865406598437,179.80628662063586,155.37971552266328,165.923957175384,162.87439821674496,172.04423932801333,160.09869150976232,168.69206788044875
142,2367,160.36765366771084,162.8947566419215,158.54559505186973,179.00060314244217,156.64288824829922,164.6425698560514,161.82241748838152,173.0242434510809,160.27689693468642,167.17983416082444
143,2384,162.09695449847175,161.54575786541054,157.698971245136,178.74310709500125,156.53859010616148,162.0080043647859,159.674567924084,173.35742466012678,160.6337405477945,165.61692274226365
144,2401,164.32921704803417,160.47253918562956,157.881728748461,178.2386115358027,157.8592267222831,161.97175226547233,156.45878006385664,173.49259786482003,161.55499882952543,163.87008107108352
145,2417,167.06646989763655,160.00374379836828,157.20181378385416,178.3033625695962,158.7797578142028,162.40784660624368,154.6238505560878,173.3917902580727,162.81859942915239,162.2527485121194
146,2434,172.51796579682616,159.35239043147791,156.5509627885896,178.11565275236427,159.63601579365456,161.71558625751967,155.17451797832638,172.9456815720468,165.2756521817359,160.85383758456157
147,2451,177.31144800777784,157.49983493515037,155.82676199052835,177.57350281786006,160.19732108953258,162.95721395228304,154.20718996021967,173.2217293959988,168.66441104974928,159.77485324320736
148,2467,179.05109712550592,157.2079167267297,155.9067858445313,177.92353821270407,159.85141280016097,162.92621421539926,156.16959200716374,173.68351186881657,172.05523957515612,158.9072850154712
149,2484,175.78408548313766,156.1844746863826,156.44874581853358,177.6193119516021,161.10414303643387,162.9726864528602,159.5531403345067,173.52733010356047,174.34621326217683,158.04967211562177
150,2501,174.36231206890324,155.52243422243066,156.26641684594975,178.94100516998063,161.669196196193,157.6659156527873,160.51801668031266,173.35720469064844,175.80538169643017,157.15341020043428
151,2517,172.05101621306272,158.35538948529543,156.51504830129525,179.9249695584888,163.23941324533322,166.03968165761717,161.60376089290565,173.54982588238886,175.71199177967748,156.95401001119774
152,2534,173.21357237140356,160.3408426264729,156.79612598686955,178.79037229480838,163.3743160505,168.08857901539395,161.02975304877287,173.52894189663456,174.89241665240257,157.52221154946227
153,2551,174.2466857128973,161.1922572841594,156.864368862045,178.0204057776749,163.07559774370102,166.906920874301,160.91316836252608,173.19954522620134,173.9315343698809,158.31907966094818
154,2567,176.54064370454984,162.0607811536761,158.1543039004313,177.24269655918644,163.86865090081594,166.46590453424085,160.46739457410007,172.3779433693627,174.0828460141633,159.49434095440688
155,2584,179.62224850303778,162.9260628129023,160.06339328784742,176.6628240847623,163.61012020243447,166.8510241145766,159.78589884023071,171.19866307281478,175.13483330099024,160.9750666725012
156,2601,177.8924160088737,165.8060366103355,160.62474143488564,175.12051849130066,163.34408053584147,168.39410312778116,160.28416729371574,169.6153418133615,176.30311326015243,162.46519609750925
157,2617,175.2446162757091,166.70158540831468,160.4616003747714,174.0806608574941,162.4033343010029,169.85935481643466,161.82960822651472,167.33128338609137,176.70932204101354,163.73734465387759
158,2634,172.7169991138895,168.7937513208658,161.14706125141382,173.43648897895196,161.39465123240788,170.5396922704127,162.5183408534387,167.99011991823704,176.40338472121198,165.25764346121886
159,2651,170.80394830754636,170.24332101191328,161.86840469286636,173.38543339295353,161.32032003955783,170.78543854864168,163.40797598807552,168.7477337843137,175.2560456418113,166.8941514328663
160,2667,169.34227093114927,170.86250303869707,161.6523675696304,172.58997793791096,161.84993836558442,170.2914513891091,163.5813432272488,168.27609190455158,173.2000501274336,168.48143947802527
161,2684,167.45012568755425,169.9312632525537,162.47351589131605,171.49069528982298,162.3108829477444,169.00311501781775,163.81288159117875,166.45180719841235,171.1115920631697,169.30648480646892
162,2701,166.59501570182903,171.54724599954798,162.76906388117948,170.33465571578415,162.25683865026977,168.39131202360596,163.43233817427424,165.0781544006864,169.38167194839366,170.27561692471556
163,2717,164.3000926836844,171.4480191687401,163.62436404078085,169.4492802421176,162.4408143163913,166.60430258426106,163.12114879962448,163.85376014617395,167.69829066235266,170.8064704942904
164,2734,163.7481908686797,170.7654681384727,163.91606484756815,168.47428072333165,162.11793543456398,166.83885627867144,163.56241609660324,163.14468322560603,166.28713917457932,170.9108999196023
165,2751,162.65458004249393,169.3101952678022,164.78364486783101,167.59490133046415,161.96003789379242,165.82969615574726,163.87274203385468,162.84062033845902,164.94960099684826,170.60043836542334
166,2767,162.27386805556955,168.71042925882995,165.4436850406975,166.66223512398034,162.4700154572707,165.93905258821476,164.39430565605275,161.94775764901078,163.91434947045133,170.3562715666786
167,2784,160.27460929335612,166.04887537702618,167.0939855052225,165.09993239829583,162.88836957033203,164.35005962865085,163.81954057209768,160.76476517200786,162.65026818875674,169.25659744217424
168,2801,158.29645982421252,162.54640553050078,168.11655032072247,165.14755311559895,162.89071762182456,163.29188296285406,163.7943265814695,158.9664008507849,161.44954161686238,167.47627471452637
169,2817,158.19111510469617,155.46720026669558,167.86202569435858,166.25287713812406,162.84456124147405,160.84237793312874,163.66964430415962,158.89786225864424,160.33812646406568,164.41662114017095
170,2834,157.34321105197273,150.09705887573534,167.86293203415167,167.0595722790795,162.88445079775946,160.14755870463853,163.31064446651467,158.7341124560051,159.27585266596142,160.57399386175757
171,2851,158.267012210006,138.88583269319437,167.28607889122554,171.04886516636782,162.73542157207885,155.79260332586634,163.81873434317325,161.37223373571678,158.47448149684868,154.60907454863045
172,2867,158.93205588378865,131.58703597700318,167.32946320336416,174.22416723311207,163.03172472957974,150.39557851048426,164.01502298662933,163.42906524404412,158.2059708149352,147.71670666862585
173,2884,159.5565058776932,131.10328617194267,167.45869401024228,173.5215583798834,163.1400572704383,149.4757192632333,164.6432009575145,162.87769642219283,158.45798002563134,141.42808279691425
174,2901,159.9647747704101,123.43516232953041,167.2645795369173,177.67984605578195,163.2155941375724,148.8922553212271,165.56893565828864,161.92908949015376,158.81271195877412,135.0216752094812
175,2918,160.5661154881736,119.27313991764098,167.1169155085519,179.14816475693195,163.42484123277546,145.43319593072522,168.65055818301767,162.30335516559845,159.4572928460143,128.8568914178623
176,2934,161.12053683278117,116.64745803712842,167.50366736235136,179.08286485298575,163.5850598305973,145.8874188796872,169.45460339742206,162.67188196333493,160.02799777056936,124.40921648664911
177,2951,161.78761926984546,114.19824209108128,167.81203050476225,177.00817016975836,162.77904034389238,146.71285142957265,169.26668785658876,163.3707921468249,160.59911044778067,120.93145770946475
178,2968,162.03092894593533,112.77832725295907,168.17953257235342,174.81864369773837,162.65425924500352,148.55992295247182,168.7665843638191,163.32937447906107,161.09399506142913,117.26646592566803
179,2984,162.01684581731323,109.97770580591931,168.66162845485061,171.14335327658273,162.9267421816938,148.60449267216296,168.7230488974869,163.80078615752092,161.50440927080973,114.57497462094582
180,3001,162.75687187943873,109.18674734955474,168.62586371129458,168.62603076094788,162.72478885707486,148.913730315524,168.36496670004627,163.825085304037,161.94256054906276,112.55769610732857
181,3018,165.4031173605373,112.71023078466908,167.74950186039425,168.08390144634933,163.28698798502913,151.36651044534753,166.9315819686405,163.7366423584212,162.799076654614,111.7702506568367
182,3034,166.1870268520736,117.14564369308479,167.6143774409789,167.5516103436914,162.86992295878363,153.34782297469903,166.22748880990022,163.96074587663267,163.67895817105963,112.3597309772374
183,3051,168.04586963135054,120.56301505437044,167.01261589028766,166.79603897714753,162.9463569611943,154.684530016002,165.50418313706746,164.38237423048142,164.8819463081427,113.91666853751967
184,3068,169.0248493797362,124.82361565825603,166.72397396982026,166.9986218953707,162.72603941225793,157.8160856519409,164.9808315538344,164.666053268727,166.28354702062728,116.88585050798702
185,3084,169.35941910416076,129.27663644891015,167.08073742147937,167.4514353180672,162.21229642524574,160.90881710722712,164.63652286728683,165.36737038578514,167.6040564655717,120.90382832785808
186,3101,169.94735020603443,131.46769281934826,167.75361333537927,167.6594557017769,162.40863763249376,161.16210110956638,163.90529960538385,166.22858006075273,168.51290303467113,124.65532073479395
187,3118,170.53911522751355,137.00869020470046,168.02277015670978,168.0297408435033,163.24297965595508,163.32108367861323,164.92770936495103,167.18737032379067,169.3833207097591,128.62793003711707
188,3134,170.97552180174569,142.62182272284835,168.5882060411663,168.29988622625302,163.43274748385292,164.90003572957892,165.474188878972,167.885442839067,169.9692511438381,133.03969157081264
189,3151,171.95895461675815,147.15264496891288,168.74339732626157,167.96296243260275,164.2706207467804,166.53458345627132,166.23279561416396,168.15013842590744,170.5560721912425,137.50549743294403
190,3168,172.70174266912207,149.82556609610805,168.9179576307084,167.2812323467705,164.80113775425778,167.577453517019,168.0297790663226,168.81855945838532,171.22453690423475,141.61528336238362
191,3184,173.45788155705876,153.55913152420698,169.12191399546046,166.89908951063984,165.40259880903102,169.06059129463557,168.525560537317,169.54341713997354,171.92664317443965,146.03357110335537
192,3201,174.3297911394183,157.2185117415231,168.89019098884413,166.7172508780265,165.75612960485975,169.31962613569868,168.84528150756435,172.1138465694739,172.68477835682057,150.07553541071988
193,3218,174.94909866085064,159.4388955268988,168.61974407641856,166.13536931571645,166.0883992634198,170.00274848928836,169.42738101558152,172.60196723003028,173.47949372864156,153.43894997152995
194,3234,175.69647447775344,161.17246378241924,167.6483294069196,166.30962842781148,165.87111491044612,169.77230855647616,171.09347718477153,172.89958019800326,174.22699770084063,156.24291373423125
195,3251,176.06637030301064,162.11581065989373,167.46134554406783,166.28699093109847,166.03442781999564,170.23745320408935,171.62663594242397,172.09269924448762,174.89992322761836,158.70096264698836
196,3268,176.3567188085042,163.00436795317032,167.2241688223796,166.75483310489327,165.9402379128041,170.22321944396916,172.4992776480363,171.49670092838736,175.47969067790746,160.59000993278102
197,3284,176.854341224772,164.69827812451672,166.61628372832686,168.04059301647615,166.42575788942463,170.83121271101066,172.4387809568903,170.60587726847282,175.98460069497818,162.08596320937974
198,3301,176.27609087756483,164.27659375177174,166.58393748168973,168.74478169507697,166.09174902177753,171.90091493137047,172.6033299337584,169.6954144511684,176.24999913832102,163.05350285435435
199,3318,175.77849537329783,164.5536217412748,166.5355049142147,169.32225094764772,166.25055984280584,171.9638221264859,172.49978014170458,169.45037281850898,176.2664033174299,163.72973444612546
200,3334,173.93780422110643,165.09242000110174,167.11231498446202,169.66202321257086,165.89865332741883,172.25964470586666,172.70476795995995,169.22980227862843,175.84069010104903,164.32505631436706
201,3351,171.36788223175378,165.00325919800957,167.96012297024572,169.81889618847515,165.3247892695741,172.59904796472264,173.0127291435503,168.43991143900914,174.84292278569896,164.72483456333492
202,3368,168.4275832774365,166.45894509318467,168.99590568287198,170.96135236440466,165.32377210807837,172.87019461952633,173.26163010611558,167.83987037659378,173.15757119623188,165.07696795706852
203,3384,163.07660386584135,166.82196466988657,171.1388227792265,171.72773785989847,164.79542674505993,173.1469190421515,173.59187822079477,167.67571898214507,170.51767379388718,165.5860421406915
204,3401,157.35496127102343,167.46810690276436,174.35062157439927,171.45092040423296,163.73285109153562,172.9406201742844,174.30708680897598,167.4702419574642,166.8329669734323,166.16893917298938
205,3418,153.3338730860142,168.0891718677849,175.74993208770707,171.5798736132755,162.53127632329566,172.52284816527919,174.80804125103023,167.75181507830897,162.71218074641382,166.768289546326
206,3434,149.29458063940834,169.3631260378571,177.03550236042116,171.93622372613362,160.28323278658823,172.54535026158,175.384211738819,167.93735544966106,158.29752042794473,167.64026291429553
207,3451,146.96442123356272,169.72468960492427,178.20437416696507,172.37653391341485,158.94529733386767,171.86187709671663,175.69227189884666,168.137432459893,154.00488801916998,168.29341181664344
208,3468,145.89725798830747,170.34559943521685,178.47099436370974,172.31108148442758,157.48172148155763,172.05578375773493,175.69285691859767,168.1998998695738,150.56901884366323,168.9981387697095
209,3484,144.1690730771948,170.15477178616095,179.35451537343047,171.96304808879665,155.3532757857988,172.06050329360897,175.51721095392665,168.23618374390654,147.9318412048975,169.53547174638882
210,3501,143.54881672286294,170.39526621859392,179.51532989202002,171.8402192088954,154.16661123568338,172.00668182133205,175.26860762410723,168.06954512603963,145.97482993226726,169.99669061655064
211,3518,142.68028033448593,170.8599150733722,179.85857251944304,172.01063753178698,153.4715923987146,171.55335319163657,174.10687543609023,166.95083734857835,144.65196987128277,170.29604842365364
212,3534,144.41392014810899,170.8409537563142,179.06859705995902,172.26697361471824,153.74461808284906,170.89148996005753,173.69555930307783,167.03945421441628,144.14186965419202,170.51930125393162
213,3551,146.25082822128385,170.9963834520511,178.445295132055,172.60375504488786,153.92692889776785,170.49454345761413,173.54763827262406,166.6489377979267,144.21258370078732,170.64945805729846
214,3568,148.1861828568007,170.5544095376127,177.65373803052333,172.43448674522233,154.15911510268288,170.28328566923713,173.35200674608961,165.73166606877385,145.0160056567085,170.72938560758882
215,3584,149.51735892003381,170.65999390277597,177.35219479660296,172.65088737997473,156.35835940440367,170.24281301679002,174.07538653593832,165.85336502844402,146.20971409614268,170.78233114442523
216,3601,150.63485535466663,170.70719130426042,177.5710194348193,172.86721554741902,159.2337515754505,170.39708507805412,174.9649972343449,165.7986887924579,147.80062910017878,170.7517863906029
217,3618,151.67607236663173,171.4805270914594,177.35283248810916,172.72986744157126,161.27223290137042,171.40477565821246,175.45066714653052,165.701742417904,149.25305954388335,170.8797010576319
218,3635,153.16366925449609,171.26029477105402,177.01440359887468,172.44572938941127,162.34801930311033,171.60042919314304,175.76665262159963,165.61743314420664,150.6356277505258,170.93248332143247
219,3651,155.02610457768347,171.1960139991446,176.23893276244968,172.18772026668884,162.95604747938455,171.64383423219124,175.91528191269012,165.7337741790128,152.00361209470233,171.0608042137389
220,3668,156.54771165468682,171.1571618323823,175.687351369212,171.35467033614896,162.82561507131635,171.24391131521458,176.23418869677062,165.76322138867425,153.40968264163297,171.16023779966014
221,3685,158.62683658788427,171.03186578450536,175.0150140677394,171.06173679863787,162.9663443127063,171.19824711015883,176.18018788661587,166.03550711626687,155.0080788882765,171.22517269570912
222,3701,159.9610926780378,171.05243792633527,175.12327528991344,170.62767297802347,163.03807890666772,171.96347924161861,176.2564792264703,166.09958013630333,156.6650829505577,171.13955486268432
223,3718,161.08800878089443,170.9035784470068,175.7596754596275,169.66711015699525,162.97075454163857,172.0676086463728,175.91144793482917,166.33056687975576,158.24995085583737,171.06821159787486
224,3735,162.1235592308204,171.2073142581768,176.18998624806702,169.15164262614888,162.998114524074,172.44436679660114,175.7332448448177,167.05947407091182,159.66944178646474,171.0704716496813
225,3751,162.882711188939,171.1397720731642,177.11942325728555,168.23818619362493,162.8421954998977,172.53005994267386,175.83286526780776,167.53242976675867,160.93644169331517,171.0669936978377
226,3768,164.4302040638427,170.4614638845036,177.52946539008929,166.94918888024716,163.18506409848754,172.30531381218435,175.4196619317933,167.69640153836505,162.09711518850685,170.95291331783733
227,3785,165.86180604418888,170.21218736810786,177.60776702577942,166.0917868607335,163.42995978914846,171.88859265435116,175.23877136046607,168.0087963218432,163.27725786173704,170.78486320619183
228,3801,166.463646594808,170.1049286786527,178.0105156548385,165.1542687345111,163.50378750147453,171.78252045498883,174.61887308917846,168.01864873153642,164.35238542451978,170.62513325252104
229,3818,166.28162364875868,169.53137815776262,179.2424664556267,163.8653251651104,163.6813785413362,170.4565400135589,174.38521386443574,168.0792797747057,165.18399830810745,170.2899460324382
230,3835,166.35959239108186,169.30796770837392,179.6423589199066,163.33115779773274,163.69838674841895,170.49899369466473,174.10743694243442,167.72355344343455,165.87937454853602,169.92358515948013
231,3851,165.85982569696853,169.0556203535588,178.80220163464978,162.59536465500707,163.720319773965,170.1924172337796,173.63529816450904,167.49976086627527,166.1652988751612,169.6424164532912
232,3868,165.16922668045302,169.11435486302904,177.24745749965288,161.38295379813908,163.7678362774168,170.89928902617808,173.04853422470006,166.66993245626833,166.026783002414,169.42284995227539
233,3885,164.28948828221635,168.87009293661816,175.85756698119738,160.36816832525943,162.84739473047313,170.52835532388684,171.97057382551756,165.94577941245765,165.59195133989567,169.1758828038685
234,3901,163.42489628901325,168.30814424983166,174.6306187580158,159.30870977456553,161.29956251157773,170.49876543794602,170.63207247028214,165.65401983513436,165.02060586794659,168.93123602228235
235,3918,162.8804955035523,168.2361203772238,173.48635165151768,158.82760308252068,160.6903605432782,170.27437400714555,169.70232670532192,165.03667607375363,164.3247864904407,168.7168665560523
236,3935,162.19679027461802,167.86400417941888,172.56033812287674,158.14895116129046,159.7902562674057,169.7863962465361,168.92931092318057,164.6480478462069,163.5921794059706,168.47854332122432
237,3951,161.29458768362701,167.179853990337,170.8839570654396,157.28995405024895,159.3870083667606,169.50905910960577,168.05502980997463,164.3235413358209,162.8172516066054,168.09164314668593
238,3968,160.30868947308454,165.8168884312985,169.37381127246948,156.3102611867852,158.88496512946915,169.8929532992843,165.86011256819776,164.62453906727424,162.02109184477905,167.48100224562197
239,3985,158.02480043554525,164.38162714566988,167.62409949825152,155.80962676596627,158.6291581011258,170.15043323417888,164.88866671682803,165.1546424395904,160.94107267408543,166.69569882478962
240,4001,155.15721572066897,162.19961724867116,165.0382728735061,153.9695857293476,158.0968267837515,169.75221539604115,163.94652367583302,164.88352107869352,159.39641671750877,165.48839819907909
241,4018,150.37129004915968,154.74682883259123,161.4625240095366,149.58145781876735,154.65043004650556,167.38467646237444,160.0767722316907,164.0947265782208,157.0313166724171,162.86496312971357
242,4035,144.6899480012811,146.8372547995201,156.49238908118693,144.10124522291682,151.68270029479103,163.29223295755793,156.05820634804496,162.06114159730876,153.7103887359479,158.7964432915502
243,4051,136.25421752582807,139.57549922766322,150.08069236280193,138.92034866508595,145.9369741143116,158.83273995870488,150.42385243374062,159.02830205597067,148.89949434649662,153.54816545082312
244,4068,129.91295465062228,132.61977072251165,143.83605242280933,132.36022689680863,142.18915625903057,153.9206602443784,144.80964422939155,154.97520146678957,143.27712518951202,147.1957941661915
245,4085,126.60400751867759,127.8378919681455,140.11105361927832,127.73820530317093,141.32833818842587,152.50472733497654,142.63986838381624,151.7567252508897,137.56648354911374,140.32344911008633
246,4101,122.59975080636467,122.60847830664086,135.45100550999624,122.78256461142509,138.93374811338654,149.52086396949332,139.30066732917842,148.94753277601143,132.01217570055474,133.89577900489627
247,4118,119.57318437227076,115.62676599369509,131.27062339541698,116.02603699194611,138.8106227803792,146.82209370583658,138.35525711568002,144.92214577292162,126.98882297475265,127.65368124373128
248,4135,116.60191411391682,110.91024598897195,126.82687076269474,111.09544924917869,139.01082708735828,140.53724400075689,136.7433468009921,140.3407031142901,123.05836229237043,121.920630595993
249,4151,113.33089553887031,104.54002701686562,122.4098227553051,104.66398767802575,137.35528449845555,133.23390975544265,133.31420547554782,133.79622402247966,119.74195047002004,116.30468185486379
250,4168,110.20894951799136,99.82359535709155,118.15834636527475,98.70722325830344,137.47517301302193,125.10036323070524,130.87752967544043,124.06776510689951,116.46293886988278,110.701822532653
251,4185,106.02064506803892,96.47454456339739,113.67336931520397,94.46594292062098,135.35211767696998,119.45070169923578,128.2580616460994,118.74458203237111,113.14711772221763,105.47503578400433
252,4201,102.68893200986469,94.32387831503473,109.39473788428528,89.82931009365788,133.61152799920836,114.80088596084286,125.8182095860681,113.0703779716029,109.7702672497364,101.21445824827225
253,4218,102.0302829972701,91.50367293024651,105.40340755068065,85.6410988003363,131.0198566334183,111.75403815945594,121.72276580645705,109.91782585580523,106.85594102640707,97.33314363652717
254,4235,99.94182348961867,89.37407416483695,101.36546119633806,82.19057363312578,128.52256637380287,107.76709308318803,119.27579543153222,106.06843508895714,104.17812661655674,94.29995306612143
255,4251,96.54447696396245,87.51169768394851,96.89586774383051,79.39451603602816,124.51287654728168,105.85178712069646,116.08425000982744,104.59345818945353,101.44523210575096,91.83757353149282
256,4268,90.80425876735369,84.77898926919828,90.82730873829288,76.01064043551776,118.40686931276063,105.79049057501919,110.93227733074104,104.54480058635595,98.40195484561391,89.498462472653
257,4285,85.25501308784045,82.99016457183491,85.2142316404129,73.43385485613325,111.36678498603432,104.33549229240559,106.4996198919224,103.98718055559227,94.91517106120907,87.23171972401303
258,4301,80.99822670855039,79.50008831324521,80.19475168038063,70.40835513443442,106.92931525192196,101.40800396761472,101.90313457182722,100.72342952818033,90.70875980346514,84.83100280061277
259,4318,76.36845224308468,76.01265683285982,75.80816749035881,67.52836621714215,100.66232411192873,97.36544428324372,97.46752448353674,97.48856228264356,85.99408555415832,82.15871933421735
260,4335,73.39766021917083,72.74551798963118,73.38592427059626,64.77911914606335,99.06852505553559,94.51462487760335,95.97342747596416,93.97164963030048,81.3647222052,79.20548339535388
261,4352,71.55291461559258,70.98082014488752,71.36666887754362,63.023126785902306,97.04974541798454,92.18838759556306,92.54262741929428,89.92537956676419,77.51445337484779,76.44584957049173
262,4368,69.92203511776931,69.85889861141185,69.64089809002955,61.12907530193652,96.19054428661426,90.04520819076637,91.25930122499403,87.01313073665203,74.44785778083357,73.81959637840711
263,4385,68.73829709427994,68.37447727436232,68.08182484270095,59.48380743086784,96.5745490783891,91.44561960195766,90.62285460896877,87.23585102822452,71.99587185797948,71.59447417063055
264,4402,67.56829982704123,66.97974730691175,67.06058846022589,57.459871199170415,95.04420310078896,91.73004701429853,89.63135769814524,87.0151565591308,70.23584137477079,69.78789226544093
265,4418,65.06965417534671,64.14255989895076,64.56851225773396,55.28346685189913,92.03178745724705,88.32799228582428,87.2267728753793,84.0657297202696,68.57024016600596,68.06730064730485
266,4435,62.12719964143269,62.65340346619744,61.808900798914635,53.90543162737005,89.9090780131969,83.43975981078782,83.97617001632788,78.3377924133361,66.68509717117398,66.40181731156683
267,4452,60.06045503599767,61.740468161988254,59.641765685660936,52.75715922383501,88.76913616236315,80.59620344165482,82.2821275241617,75.79830159470055,64.71278115481965,64.77813122168212
268,4468,57.371421708677225,59.074721218087156,57.28387612517805,50.54854264809106,83.8937908235325,76.71746652375214,78.09918211618022,72.3151218973188,62.439406077699104,62.918180010427065
269,4485,56.97750722676205,58.8385324571497,56.040304083292774,49.23305088448548,84.37528113137529,76.75040904699901,76.64509330974873,71.19134063716396,60.32124755764327,61.28993704047466
270,4502,55.914818931992414,58.62280643654232,54.55913401146059,46.082677490557806,84.68116928075702,76.27809606283691,75.18259356939517,69.14380820244297,58.49028050897241,60.185986347992966
271,4518,52.71649073170157,57.70584046460468,52.06966157783764,43.608720881145054,81.10868291628914,73.22430287954539,72.49867213441428,68.70825411775105,56.60813872702619,59.19647374767442
272,4535,50.90077934915498,56.29035246462091,50.89779086491499,42.0797872931394,78.32136134266344,71.2111740311104,70.97389132195691,67.4096776825992,54.77620358965764,58.10645060820095
273,4552,49.875100628259105,55.33629522860435,50.3457100929716,41.639828111550145,77.39305608727616,70.59624373217524,70.80884014438502,66.49844609794215,53.276939373574024,57.358765410304386
274,4568,48.38957067194885,52.93459116201437,49.547266889149604,41.38604290695032,76.173443251313,69.40396111576325,71.2773740570559,65.49551241091184,51.55935206261138,56.17797715127732
275,4585,47.348136501971595,50.442446175973124,48.7447584739976,40.86886817042149,75.9134909127293,70.89919704759153,71.45133734832184,67.15546681253352,49.84601557660722,54.541905099163486
276,4602,45.67500489688802,47.143029785437186,48.16300988878049,39.17930025907177,73.10667436566753,69.70435085121153,70.48617409434648,66.88502932850717,48.43771840964452,52.42934296332999
277,4618,44.45621344123374,45.70487400992996,47.47544649841272,41.11507170182235,72.65523158237446,70.12342689905861,70.8727562570035,67.26121118911115,47.14880522806027,50.3122472723918
278,4635,42.86792139434105,44.170416555478155,46.05289093853749,39.96515985206942,70.05168418480932,68.42466056326924,70.07873429474512,65.98054863101132,45.747369381276656,48.07907153776656
279,4652,42.070296297760265,42.57639061389481,45.08445817560545,38.44870135924385,69.61057840630774,68.12857246210295,69.73762063157604,65.47727808038091,44.48351450643894,46.007431428142645
280,4668,40.89052261864813,41.53768384538603,44.125649701390934,37.691601856046866,68.70129447635952,67.02415927799782,69.37506975075507,64.42225685503428,43.191991729774244,44.226478962025226
281,4685,40.037781011778286,41.42279770667149,43.91072181595416,38.03398242516591,67.69835455681469,67.24460780865326,69.26913246766675,64.87133430430191,42.064546952752295,43.08243254627208
282,4702,39.37084706457513,40.89523323127812,44.079716197516525,38.82257634816619,66.75877909849544,66.57305017845988,69.75122297401714,64.64791957953591,41.04747367742058,42.12050439054172
283,4718,39.14995320136576,41.98375866812762,43.8057757810934,41.07251702339292,66.10352364547187,64.9983173954947,69.3577114568057,64.2619904734895,40.30388003882551,41.68317281307161
284,4735,39.11126205664553,41.457204806136446,44.00052920652127,40.106558197170955,65.89923464764709,65.18054719451207,69.66016667200238,64.91313381347284,39.71207319060257,41.459335651519936
285,4752,39.168100248314,41.13068971456934,43.90289826616861,39.36874240351216,65.47675870082952,65.29441600741282,69.30003179898033,65.15751997247412,39.36758871653574,41.3779368253566
286,4768,39.48529579776047,41.09558111825884,44.225573296765646,39.3881785075053,66.36645757627117,65.61489791454314,69.77339404554859,65.66663591860949,39.25709167373218,41.31249350767408
287,4785,39.61070245079375,41.79290409981743,43.95819781926546,39.30982133846569,65.65287682562212,65.03682356101477,68.68758464087607,64.44724492159757,39.3050627509759,41.49202768138194
288,4802,40.174826468907405,42.314233937438026,44.70914396140898,39.56787506936343,66.56285937534524,66.18725591494913,69.0200101604642,64.89573106284746,39.51003740448424,41.55812273524402
289,4818,40.67956822916628,43.741835563033106,45.04523311041579,41.199926740653446,67.13454456990812,66.57025238859838,69.2756904446243,65.1317564485853,39.82369863898838,42.01504888662335
290,4835,41.225124345424106,45.40699239115473,45.84819082084777,41.950262222887915,67.0367998487181,65.99031129984323,68.8535232800983,64.90898983732899,40.2351034584104,42.87030942194043
291,4852,41.58114068326068,46.35253677794334,46.31633918787401,42.43029721851643,68.10955447045019,66.3034747956049,69.22552630692036,65.16247415782091,40.65427243551045,43.92170055387733
292,4868,41.68642693016871,45.52205506179541,46.2476878887055,40.65150145374663,69.04337262865897,66.29603050449664,69.60055238628465,64.83486992373778,41.06941733138543,44.66753074627292
293,4885,42.70612625340239,46.80843275734073,46.4890988814769,40.274061956737924,69.92812350017329,66.85161350847876,69.47624641747439,65.08185840627178,41.57567728828443,45.56637051025346
294,4902,43.89862851791191,48.11470479216704,47.85013454111479,41.26229187228657,71.59084252810571,68.13789094279687,69.85951552153382,65.39088900965425,42.219489346033555,46.44094435608025
295,4918,45.05079516901744,49.812912696414905,48.807171363369626,43.42223443963577,72.38996339017984,69.33822367579606,69.76778502153066,66.30631675917365,42.98462351075223,47.322128417132284
296,4935,46.42778792771406,50.90173097037141,50.55917844700314,44.9310158087476,74.3717313672215,70.47147093241806,70.80095914716478,67.64016208592216,43.953952959642905,48.2319672556179
297,4952,47.42203401806791,51.94344182303236,51.86158866596061,46.21651995729447,74.77689158593627,70.81019293153491,71.54201592794742,68.64601030876617,45.101074377222744,49.51624460786529
298,4968,49.586316763720376,54.12642949552185,52.961261477497516,48.91887310593977,77.34325844901876,72.44123674842184,72.5273778218913,69.23665934479895,46.47711247928633,50.97984395550151
299,4985,51.040976198403854,54.81567337996049,54.34024867998301,50.76258769078731,78.93035145527845,73.87685106303893,74.39470851109256,70.83042704154799,47.905582015384724,52.32003767306021
300,5002,52.03297085755183,55.65012134489308,55.95720868837161,53.11037309363847,81.85108852161189,79.63311896965118,80.1067636865426,78.10905744831555,49.302017153091604,53.487479402755845
301,5018,53.48532569554962,56.43879170614438,57.45980102610812,54.47803219225358,84.65215677854916,82.38150099767297,81.7844769243306,81.60460556077685,50.71352470665872,54.594891549910436
302,5035,55.69135921220066,57.773641600168276,59.45302843572957,56.84030474403914,87.28469860991022,85.85915480576483,83.94656923407425,85.56966295030571,52.36738974548526,55.76093150533761
303,5052,59.27939680669521,59.19962734666491,62.34754911680318,58.654381956973765,89.90377731489072,91.19020046249418,86.06561094500675,90.78383522015501,54.30600575408024,56.77557107556622
304,5069,62.75753329678443,62.51345423770929,64.9758941542194,61.88539325518728,90.89012942045376,96.59392859736663,90.09808863126044,96.52513306147742,56.649317173756344,58.315127247115996
305,5085,64.50860849152893,63.53606539903212,67.54207476321865,64.20584460854991,92.53681011119478,97.00442482128327,93.15484843967549,97.00415238894563,59.14444470055177,59.8923160579438
306,5102,66.03515782893032,65.05735565992406,69.78610503693871,66.0188105474134,93.82295159315116,99.22860120280495,95.28761787504249,100.00359780432397,61.65441112722791,61.61602884869973
307,5119,67.19390436819988,66.3055745103613,71.19402148530739,67.67126136977211,93.71869499715962,98.94479281605285,96.30118907284617,100.94609442846013,63.954920158427754,63.32241543073833
308,5135,68.8970368104517,68.12519650171183,72.9405744026686,69.88398151477821,94.71902081574703,100.19667010837253,98.01548044179572,102.634663752962,65.87844815917904,65.10752926174771
309,5152,71.33714688455623,70.48282938634266,75.65333110477009,71.69940368933212,99.79358381952075,100.95840068703397,102.36949424553585,105.46503401755469,67.59437087673341,66.7014042914744
310,5169,73.70343694497419,73.49176661359172,78.3987622276859,74.89498927698963,104.41756746096016,103.39153172253671,107.70203836640823,109.6968793354462,69.43333656742247,68.69254453438631
311,5185,76.89402285959056,76.37943527155663,81.8009227893968,77.519401450059,110.13422107285741,105.0725857548658,112.12313076377785,112.40625283047697,71.60510957355451,70.95696045671284
312,5202,79.8504132643991,80.69646206261348,85.35927648210127,80.28331802827556,115.09386459609941,106.58617649984076,115.52701078929726,113.78361454328675,74.13641135279435,73.83513796716326
313,5219,84.16039527314192,84.77487794216329,89.42228248100403,83.09160085421995,120.84693444073817,108.94066877954613,119.78718985676238,115.71995000826495,77.18908304533241,77.16507425525356
314,5235,88.75173288057537,87.3565289510244,94.29070818705588,85.30969672030228,123.55134140743434,110.34011931442535,122.28040117108263,117.62648402659279,80.67200024453624,80.5398141681899
315,5252,92.77975127199608,89.34196640172175,98.24469345385451,87.78982065573523,124.82460924231708,110.69737189818464,124.11791921372586,118.8324001495674,84.4872631099406,83.70985412581592
316,5269,96.88126307353133,92.94858678878616,101.89940319173712,90.90506510000496,126.10737972522121,114.63657969029146,125.71757267016095,121.53411991787966,88.48471115272875,87.02368442926182
317,5285,103.22764832741302,98.93001471695563,106.72053324321982,95.05535909600178,129.53940604823518,118.43717069250039,128.4245107515195,124.48570359855502,93.16015816533154,90.67039496013024
318,5302,108.07264085471424,105.89776559728489,111.04848124334401,100.49723562361532,134.43416410031233,125.42441009598629,132.77746611971008,129.23459919234054,97.942607281646,94.89497249115456
319,5319,111.27102171187478,110.96119785149385,114.82680914949596,104.95355992214347,138.26246754946095,132.3545343807227,136.4294050242317,133.82418526534462,102.44646504790589,99.61590627124846
320,5335,116.85228029851207,114.19932844375131,119.57769858143608,109.0920368413393,141.46850950177563,137.94233825054036,139.77069977345815,138.10950298828303,107.26097085320907,104.58737867965438
321,5352,121.88329789629785,120.36641026896454,123.74986038050395,114.97478228951384,144.71642574659862,142.71922663974888,143.19866657617135,142.5602811073478,112.26137781776238,110.07094337569004
322,5369,126.89912072253455,135.10628453680252,130.066961821175,125.30840125063148,150.44642134625667,152.50086025653383,149.15733795838034,149.5563742200368,116.9956722967867,117.30619733965943
323,5385,131.7489344637323,140.76497181702513,135.490070578451,130.3505492459859,153.28652723791654,156.8539587149263,153.2166591791925,152.03858699873683,121.73093101859031,124.2796385836075
324,5402,136.43958642895836,146.51533376051523,139.70869438891515,134.73210585602666,155.01453833170825,159.03504439367177,155.35529184447512,152.65604237623663,126.76464396200704,131.39046576541176
325,5419,139.17721862461187,152.68989883314345,142.6591040559714,139.31161678250342,155.8297042688384,160.29968242309732,157.37600827941114,153.53962305241706,131.22963162722698,139.08857984329015
326,5435,141.911160152116,162.17234975517027,144.8100757360019,145.4205734014224,156.0531047798094,163.01993048535653,156.89038424868042,155.3763097868313,135.2352040783906,147.44976774053129
327,5452,144.29842575429032,167.51613594389903,147.11503171083314,149.17326874061254,157.10563927677458,166.881158800582,157.44453724016398,157.7150506681956,138.71506508474175,153.93173802195062
328,5469,148.12200360750433,167.98542064441168,150.23149622085083,150.58987753949378,158.59947929587784,169.76796057750946,159.15125233368917,159.40481321235538,141.9896789134962,159.3758277874279
329,5485,152.07336495874006,170.5965101764457,153.10994257791083,152.96572786467826,159.32247190530722,170.8746927348207,160.40459327544943,160.70342541070576,145.1164346194525,164.192063070614
330,5502,157.12583127753268,172.91837444525322,156.78337755966342,155.75820322142064,160.78325696562078,171.7905945551599,162.68384633757162,161.68292413461768,148.7061571500367,168.23775819303597
331,5519,160.70264641284794,176.30358326680675,159.29161781121957,158.6542898833195,160.0902924908225,171.0070473638,162.74790700060845,161.60277234675618,152.46445440218307,171.06400489536327
332,5535,163.49408195665848,178.18319628567548,161.35693890494224,160.85920009337494,160.65424263733863,171.2528371511613,163.22307216262888,161.92856617376935,156.3035856426567,173.19741696371858
333,5552,164.60665066798347,177.62902511292435,162.67855324654616,163.71506733157463,161.46173027520075,171.57768625452363,163.97310596724773,162.1132314597165,159.60051505475252,175.1261378574211
334,5569,166.7095200001145,175.82371660227577,164.70572843774463,165.41229482252942,163.03635723979406,172.32557673598026,165.5014655618211,162.4136409746588,162.52774606302742,176.17157914258712
335,5585,168.40431333620293,177.43079937488557,166.35972207229122,165.31212975372532,163.8161755709866,170.99906793674867,166.00735185413635,162.04681089444733,164.78344247476144,177.0740641285136
336,5602,170.10870550264013,177.94440846840115,168.41185168240597,165.92748406843663,164.62823608082255,171.08059783346602,166.90288171788893,162.1002900368936,166.6646542927199,177.4022291688325
337,5619,171.78213003067154,177.3526519597069,170.65654674745213,167.51993860222905,164.9689384646179,172.11420289161924,167.19904573548928,162.28793712197506,168.3222639075225,177.23612030363876
338,5635,171.9309793465859,175.0493281732605,171.64508255189233,169.42861181883254,165.01067188385522,173.42661113186944,167.71384823445334,161.96362555173758,169.787129643243,176.72018091570595
339,5652,172.69401497169153,171.4279656643392,172.93469100735203,171.7615378823669,165.63629055278352,174.39790539216347,168.61239953936868,161.52195008172984,170.98402863755842,175.84103072811868
340,5669,173.7832947704983,168.8469562485346,174.0454378048405,174.20189350852874,166.37978082958784,176.342651241989,169.32708819699397,161.34571872121307,172.05982492441748,174.1242621028485
341,5685,174.77997288219518,166.61016071031963,175.34118236639839,176.76023178062957,167.0191053967925,177.00664832087838,170.46014478794092,162.5122095806877,172.9940784003285,171.8574125512322
342,5702,176.57556244610728,166.7290393591121,177.9963419137482,179.0456308683778,167.72654785630664,175.95951959889723,171.34775869151778,163.29121558345574,173.95276488341563,169.73269003111324
343,5719,175.89902792288086,165.44881220584588,178.6997278716307,179.04296851913688,167.06467063211784,175.1172623133693,171.50156270006548,164.0666995458635,174.74637459867463,167.81258683763028
344,5735,176.39918419539174,165.0337819780063,179.7837276649633,177.1301619882768,167.89001927188303,175.30095672207494,172.0060757298356,164.02770135562517,175.48740844341467,166.5337501003637
345,5752,176.71259743489077,163.85148753903164,179.3718348245701,175.77740284019626,167.6206739245449,175.41984958289754,171.9676154192325,164.1375658337878,176.07326897629315,165.5346563584631
346,5769,176.31789154285045,163.47741413347507,179.08072995754605,175.19259448336717,167.25786212482484,175.17887432781225,172.13754770621898,164.25546359253073,176.38085270842424,164.9081070430942
347,5786,176.1427464804863,162.75511636353414,178.161496729196,174.14606732613484,167.5012273139959,175.81103536158227,172.00109319302365,164.29705732323396,176.29428951530002,164.11332244397857
348,5802,176.01079042536472,162.9919657283013,177.69875611503974,173.92696485013082,167.2945832416613,175.97184904029316,172.06767290367983,164.25609129449933,176.3166420157968,163.6219531484697
349,5819,175.85029771499813,162.73102668722743,177.38793292215763,173.4525660391655,167.03813828037792,176.02470247957544,172.01917858053,164.12226343967146,176.20686471971808,163.16140209031394
350,5836,175.9636079337121,163.41071696791235,177.2481768643019,173.44788694588192,166.89166899468057,176.36138871253098,172.28145977487853,163.8307054108406,176.05706681948234,163.07324797609004
351,5852,175.75956199161573,163.38210265532044,177.36875132881102,173.43334088417808,166.80764133284544,176.20430619202446,172.2263373128631,163.887017530321,175.9454009092354,163.0541856804591
352,5869,175.5099317470907,163.20275650603415,177.38749716639023,173.44364811127625,166.71857276146142,176.20342338456794,172.22201067591658,163.68040267237106,175.81883796255627,163.14371370895913
353,5886,175.52600033986687,163.16011579748633,177.20502311691985,172.85511930120913,166.61479687703425,176.38397222641004,172.20770408308834,163.45822167701667,175.72187994545672,163.17734372279614
354,5902,175.869934103318,163.61643624549302,176.94835842764368,172.81500836273628,166.53883030852543,176.38227345250007,172.07837608177783,163.59897296322313,175.72580722312068,163.35442563444926
355,5919,175.82531359515406,163.4327448702174,176.85362704066222,172.57947847373114,166.5319771095982,176.47480511448472,172.01101494113556,163.4694995014433,175.69814835540905,163.35883121491025
356,5936,176.454418769241,164.32490978683552,176.64573702209475,172.62146979387694,166.4977586283199,176.68575142899596,171.6447806385764,163.23677972858638,175.83711971093413,163.5473926412133
357,5952,176.22468500839554,164.09312796570111,176.81566525763807,172.65742466875827,166.4921405822996,176.47623456327906,171.50479365352325,163.27693945749726,175.9800703631951,163.72546693314666
358,5969,176.05590699886068,163.7443292069082,176.96808322475857,172.56979692160888,166.34658069922773,176.59223660422978,171.46911093755784,163.30084861998392,176.08605169499384,163.84230961503107
359,5986,175.92589222861264,163.19944458132875,177.10143138114628,172.409951892909,166.3186669897466,176.8152464719635,171.46189041086964,163.41347066813162,176.09724332005277,163.7589112821982
360,6002,176.03936007221967,163.0278539462562,177.08173684401802,172.2913750715192,166.90568922843963,176.6461945523526,171.6236160364708,163.47723614927258,176.1400526154659,163.67793309740597
361,6019,176.12540503137078,162.8082231286848,177.09134397399376,172.24811430980455,166.85245708283085,176.9122665366636,171.70333533512505,163.22113766142388,176.07424986789187,163.3745957657758
362,6036,176.21428825886795,162.7592036350477,177.16591909160323,172.31093759677788,166.90606321720537,176.77910125316444,171.7539709229414,163.16848917301272,176.07217051798634,163.10781089964513
363,6052,176.21785213565022,162.75940195969213,177.28468613819885,172.44744951869887,166.89366020397924,176.87398698173496,171.71424839219225,162.91346716973538,176.10455954534422,162.9108254502019
364,6069,176.15826353308339,162.50073321031445,177.72540013916088,172.42763719086747,167.03220542006684,177.0015326238256,171.57679434680986,162.8568913486292,176.1510338062384,162.77108317599908
365,6086,175.80721118620994,162.44874939832107,178.29997799094681,172.58857988434147,167.17041590285393,177.02433439710245,171.53224012141462,162.77182364015303,176.10460402903647,162.65526226641202
366,6102,175.7001506938803,162.8624980852784,178.4953631281605,172.97525878636583,167.1654920128088,177.0829736143071,171.35041136311855,162.74246065447483,176.01955316153834,162.66611725773075
367,6119,175.48375130014702,163.31252058610244,179.22760378845527,173.69132678392646,167.07567041572685,176.95559900352117,170.97406315172816,162.65240506293623,175.87344576979416,162.7767806479417
368,6136,174.6140495875807,163.17297273726976,179.6508941011656,174.73129158487276,166.08069553464605,177.35004290955024,170.67976043275817,163.12001648117578,175.55268526018023,162.85949480345724
369,6152,173.85671520549118,163.14002682135492,178.81155363650748,175.14262453314888,165.61784212683185,177.73905202609822,170.0832692608689,162.9191454594004,175.09237559466183,162.98735352566533
370,6169,172.76174415219785,163.54365727497054,177.8260083774368,175.8615129317776,165.00081904585656,177.61256125510792,169.43781765277134,162.3257289808329,174.4832821878594,163.2063351009952
371,6186,170.57689479354485,163.24011974304966,175.9294346693993,176.72522092961506,163.40128983732518,177.73500487628735,167.44435764261775,162.44097315100146,173.45863100779232,163.28185943254948
372,6202,168.0192109129317,163.0027945014276,174.17269162598635,177.75557838829928,163.26542798146355,177.8406161455661,167.37090445183105,162.13689531841,171.96572293034927,163.21991421561452
373,6219,164.91109242711036,163.32737030214753,171.98379210634687,178.43393884313545,162.44646377357927,177.7721918152521,166.65534807599184,162.18578001427306,170.0251314982552,163.25079372859005
374,6236,161.27339362296033,162.83403182031893,169.51666147522056,179.7336969475628,161.76741970107574,177.77080858455838,166.21228916163875,162.05851394333686,167.50846718174904,163.18959472838284
375,6252,157.9466773119161,163.33914614123776,167.63095032265946,179.7340555928569,161.25850757982607,177.62799264396332,166.00124160201372,162.1650640262082,164.54545381369266,163.14869250163628
376,6269,154.88468054855298,164.84237139581535,165.65967872817632,178.3967099798339,160.29931747800077,177.28719705257242,165.55778439780565,162.80144034692756,161.40701096469428,163.46914283218945
377,6286,152.93249034574828,165.85744976966018,164.46612433137318,177.5246379937674,160.13058367074942,176.928006541572,165.56090921376685,163.4510453762368,158.3896668512576,164.04007388583597
378,6302,150.67588377962625,168.35078208461297,163.22892840123717,175.03167141271018,159.63706273540555,176.58550931083195,165.36431061784043,164.14423615390268,155.54262512176078,165.04475624232904
379,6319,149.21094524968467,169.88873744720752,162.13732753067768,174.13088153877524,159.10118649820362,176.1278251181543,164.7964693594422,164.13072835792485,153.13013544710566,166.45569736770676
380,6336,148.30532707086155,171.88773778483798,161.4210068131497,172.19176846047722,158.81537965193473,175.8833636964,164.62818369757323,164.06310527100032,151.20186539889474,168.1654156964268
381,6352,146.968809515003,174.53425567260882,160.6430732562697,170.45403688836885,158.28595368182908,175.28090415560337,164.54309163007773,163.83390159005333,149.6186911921847,170.1037925517855
382,6369,147.13494987741475,177.1600132064742,160.22860211851852,166.1354055585271,158.25610525021975,174.19034022379432,164.37116839507877,163.6367401142301,148.45918309851805,172.3643052391483
383,6386,148.15723726369018,172.6428875414686,160.57386147420314,163.9093168782955,158.2016521800557,173.5617673315789,164.63944855779778,164.0259150145984,147.9554537953308,173.22272633051944
384,6402,148.84067096034062,171.68264802616645,160.77711968182416,163.2177164462115,158.3116652637655,172.83533328487601,164.6148139102208,164.13805814176277,147.88139893746202,173.5815084463112
385,6419,149.17326110664357,172.00256098247584,160.86709422279003,163.50702859423373,158.22730924502292,172.19095656382757,164.41082763612528,164.99211682103206,148.0549857446184,173.60447308583878
386,6436,148.9359239162193,169.06416254174232,160.52587200399157,161.3982961636143,157.95548624387783,170.8768421731622,164.23968647494632,164.98909347368294,148.44840862486166,172.51045445966548
387,6452,149.68585908591197,168.4810664013986,160.59816388454757,160.86130759999043,158.7176698038494,170.6652120722773,164.67007396771183,165.30574505681008,148.95859046656113,170.77466509865036
388,6469,151.7443284699356,167.985631831037,161.48010951363398,159.92587618855276,159.39119482985996,169.64400707938967,164.41425611674973,164.65081986515858,149.6760087078102,169.84321395656406
389,6486,152.33043347461535,167.65593339394627,161.67446155370249,159.85396062650017,160.2366867589426,169.54897811763402,164.4159495033963,165.2063676637788,150.37396121066516,169.03787103012002
390,6503,152.41950540283102,165.26659466834653,161.03865384951402,158.18155469036313,160.25700329208098,169.35794968948554,163.71021746608776,165.4183463321386,151.02321006990263,167.69067776729418
391,6519,153.3479180862961,162.7975140055731,161.20670366744588,156.34657629266528,160.65265502345278,169.3877862094603,164.01958699173764,165.43220383040193,151.905608903918,166.43734806006032
392,6536,153.18677395264564,160.23056498160437,159.48063275131173,154.5047784555478,160.65093601435333,168.96081278045176,162.85967330820586,165.19329682598527,152.60579187726472,164.78724777610148
393,6553,152.49492279768276,155.90857004095636,158.1455836970483,151.61074430419794,159.89292745532023,167.97006336535205,161.29184980529195,164.23949615984253,152.75591074281417,162.37183541808537
394,6569,151.447589017759,152.17758551733064,156.13500964201927,149.18807542160056,159.47382787709674,167.08788215181994,159.53219656694628,163.13530867602765,152.5793418514429,159.27616584276217
395,6586,148.5175627862717,145.66273373865195,152.32003566939397,143.8502108862574,156.33802814284977,162.71194207723508,155.7149380396674,160.65678852678,151.79895332813103,155.35539365682328
396,6603,145.1943865596577,140.54656413282152,147.83200690798049,138.9077905298192,153.55033064486142,158.8513464836973,151.09311052335715,156.41414012622212,150.16824702280334,150.90520368227294
397,6619,142.07464354466487,134.25346076360853,144.2987052653499,132.99819237633662,150.14484503134952,156.6372071420646,147.86406962842045,153.39229713927605,147.9458209412072,145.7097828386738
398,6636,139.1960092129268,126.50328624166916,140.08324573005396,124.98635920222887,145.15213340542323,152.53992017895078,143.48397399872604,147.96341396647023,145.28603822425603,139.82872607881635
399,6653,135.8446212552888,123.59334672941138,135.1569104770574,120.45593029335673,143.52031732697404,150.53676810956378,141.39690088570651,145.03688563116611,142.16544467176195,134.1118783212325
400,6669,131.81377575648938,118.7854846535964,129.47048876433783,114.66177041626298,143.47268211604583,145.55511065622366,138.66137065846635,141.6856921622299,138.8246872658055,128.7364285042214
401,6686,127.64716928301438,109.49273561069319,124.53351796345159,106.05576289632576,140.41706455808776,137.668446568186,133.61502779494865,136.68265441395585,135.31524381047683,122.52566279979574
402,6703,121.59403688292625,102.26317456983328,117.93662811533461,99.0224867108107,134.44287984614374,127.11803218186647,128.34009928971307,129.53969305978677,131.21912247812912,116.12760556104067
403,6719,116.9813545958585,100.30121911310995,113.82358353601956,95.52635426856078,131.72207354880317,122.84379633872739,125.23671509599988,126.84531827637174,126.77619155471548,110.88719213532883
404,6736,115.08609062362223,98.44705254055751,110.01900500964702,91.80589516378957,130.83774856314434,119.57739810061973,122.98298002561697,121.91022145090135,122.62448542838214,105.85793329755806
405,6753,111.90346237017194,94.45188336691889,105.18862247359837,86.62232051927636,129.02850444320308,116.27444944297788,119.90508828943955,117.61370628680406,118.64242275111867,100.99121304022256
406,6769,106.45563850568855,92.85835143272108,100.7207229474882,84.34705864451828,126.55298396091382,114.05275005977971,117.49801753878631,116.47682375658725,114.4041165956535,97.66433620462814
407,6786,100.82557894841534,91.30476248906471,95.80821224395801,82.46247329842959,124.32745757010457,112.4536851525379,115.36885189796082,114.55650024123176,110.25042500875131,95.47265378847443
408,6803,95.09241758785161,89.63391209250337,91.01317216917872,80.29651167381532,123.00925461475337,110.8438896287765,113.57583340245624,111.92704101324678,105.87263760714993,93.33919238435311
409,6819,89.32022952257944,87.0084242734161,86.69020432421351,77.55261721382041,117.96630944714495,108.74380247852804,109.86522216348473,109.71683531130854,100.71946538694138,91.05146673092483
410,6836,84.08236297594269,83.6442893022614,82.42731957600948,74.92245464255762,114.43581599065972,106.15218869667454,105.94866706309539,107.3673220054363,95.15524550809553,88.88994791799333
411,6853,78.80104689099777,79.51647412930117,78.16447719075894,71.63070666985801,110.82802662360194,104.3454897258476,102.81370889101025,105.37642428376815,89.62432718515738,86.22157245730935
412,6869,75.4725581090769,77.2980496908052,75.38372422932689,69.95345758438596,106.94981532961334,103.02440875037112,100.68449473674518,103.5768169939512,84.55372301728968,83.42022989765744
413,6886,72.35320044908565,71.62718218936193,72.94749956923393,66.10241619666735,105.16951291576652,97.98313865373983,97.17756751732415,97.82987580703394,80.00587958953648,79.81888391702915
414,6903,69.59242636071464,68.63383342977673,70.61140176887947,62.992788338658144,102.3027188646852,98.42572987076073,94.62387958404715,96.6462084164941,76.06031895716352,76.14396574830127
415,6919,67.94079140668151,65.45114854816609,68.66876012948998,59.79506857005243,100.65686503589166,95.44478539261054,91.10351337005788,92.27689795892024,72.8320046433113,72.50533759748222
416,6936,65.51852825371607,62.63760372047377,66.30171518075001,57.92860149670236,98.17326756046327,88.48281365900263,88.65908666374479,86.20435911620024,70.17550091585494,69.12956351571674
417,6953,61.98079265101437,57.78705803859435,63.4309578620033,54.35905235592646,95.80056076410109,83.09149510487661,86.07643193736112,80.87528406260387,67.47714782424245,65.22736518527458
418,6969,59.45737591992042,57.043124218533514,60.94700820783004,52.619608319377896,92.49589806677685,78.67979677196014,82.82514766735183,76.09492308570631,64.8979829184094,62.3105535911089
419,6986,55.66049648223523,54.3284511758855,57.953491939964614,49.50788706907009,90.11905907190994,76.78850251195652,80.68725671458643,74.18286718622718,62.111596942713525,59.44947714033064
420,7003,51.34290139742611,52.76693069949066,54.917358442828615,47.665994272409606,82.63896792252628,73.26235607344802,75.65048138829397,72.46317323431651,58.79201894086244,56.91263357059556
421,7019,49.61957525014171,50.202749999717675,53.60982003745483,46.13854784512707,79.82980951535068,71.4732370733611,74.28429178285845,72.62230146598127,55.61222834014757,54.42566282644434
422,7036,48.133335268879975,48.98532048958688,52.832260924316884,45.320077937332414,78.12633081450807,70.51159823373354,73.49907224984648,71.41689765075982,52.84273686372069,52.66531531664284
423,7053,46.41086878540254,47.01083054290428,51.83134105687298,44.85608583832901,75.23147441874761,65.64615885421767,72.30567943074061,67.46350828976611,50.23343543681712,50.65885658151699
424,7069,44.74515068395077,44.45577950258155,50.9981863516445,42.88700765210742,73.73141248580912,64.04311294896453,71.54354871736057,67.38467949011213,48.05036627716023,48.68432224685621
425,7086,43.330964459013146,42.69553911728131,50.040589657314975,42.01299117031838,72.38673257468457,62.204186136095906,70.48000033763002,66.51462048203074,46.44797888947763,46.67004393041434
426,7103,42.275266112896716,42.0061076624272,49.22660354406495,41.3814783538017,70.99439574566577,61.40916708060875,70.6036796538699,66.25237042652448,44.97911706202863,45.030715462956245
427,7119,41.41635347122185,41.62057251888585,48.68081986343477,41.069226351517685,68.84408694674548,61.58927572541462,69.98085891883989,66.40961273873319,43.635720702497,43.557765868816034
428,7136,40.54253092748864,40.0860446307017,47.68205810786026,40.62710540894902,69.02092289297005,60.767385270426615,69.73553080521278,65.91100942819419,42.46205313091423,42.17280868637552
429,7153,39.89783568333762,39.36012147353026,47.428002393180726,39.6638726191583,67.82207667627367,60.93922315481571,69.38547402855679,65.32986917449767,41.4925901307916,41.15367708056526
430,7169,39.216854909791216,39.047689199853785,47.07968002874583,39.03883147898205,66.90916310864263,60.532119707378854,68.38554739282074,64.4172371918904,40.669768220947205,40.424107097079755
431,7186,38.8582377765157,39.27671167787683,46.79996900593495,39.12730082380165,66.50449233570961,61.03351618626291,68.53487931116486,64.80093146013762,39.98636255367101,39.878227900169676
432,7203,38.44013466180343,39.24317887725947,46.497951566500255,38.97474112563121,66.3800241366448,60.91459584516203,68.76366435163585,64.31628170813376,39.39111879178732,39.40274917184441
433,7220,38.407222868037664,39.418432803653495,46.34868766390225,38.931628973352794,66.09856538028201,60.24009795664733,68.34722808766762,63.71929486186915,38.964057179897125,39.269226806434766
434,7236,38.577906337150885,39.61961953213268,46.430313420692514,38.90242104593337,66.06344350945638,61.79098821137334,68.16366991627308,64.0262802098751,38.70007131065978,39.32112641815525
435,7253,38.585552673629174,39.43155003526361,46.562401533045275,38.67475757133765,65.53637524382124,61.516898027105455,68.29968823715407,63.77476377347271,38.57381086342737,39.397898585237215
436,7270,38.79367975409853,39.57223929785184,46.67350438343296,39.07579051751058,65.99728248668595,61.943309917351186,68.82861964753761,64.32231004421962,38.560899258943934,39.457004109232216
437,7286,38.886601037788765,39.78928084026584,47.05604830559534,39.07788834258226,65.97209251864423,62.34771987851647,69.12428968574693,64.68830838784912,38.650192534141,39.56622450183349
438,7303,39.30408751323621,39.83664717034678,47.47270009431397,39.276481291404714,66.06476978767316,63.40742707121443,69.08346045751794,65.30765622453302,38.829565463180714,39.64986737517215
439,7320,39.96036648099697,40.83488122762664,47.89637522810971,40.49952550972352,67.21189596705604,64.22001728756071,69.09971674412317,65.9124165508266,39.10605749194993,39.892919714270946
440,7336,40.5272095255099,41.46014065115251,48.434574158619384,41.01135326236617,67.55121276053127,63.6413184461994,68.77973356909571,65.58286115676782,39.494388862326076,40.298637837448716
441,7353,40.973553216472794,42.042379512513016,49.04018857804331,41.429177737112994,67.83554237736911,63.40609149048885,69.12992939737377,65.74057359638908,39.930363554800934,40.79266588038096
442,7370,41.22079622992105,42.52734780241082,49.5769722223066,41.650058996430694,68.29939562619437,62.23147224619548,69.57081508448911,65.58392698932764,40.397202593227384,41.34027927280995
443,7386,41.41366034109591,42.77329416861615,50.04455969687563,41.134686990412,68.22341673000814,62.4602298017808,69.62016264394045,65.85395257663498,40.81911715879933,41.927608672463826
444,7403,42.279153021030375,43.54545880207929,51.71772311136793,42.55362172340043,68.88848213712865,62.65531160659735,70.30469897576708,66.4965504603932,41.28287446680601,42.46972418735436
445,7420,43.48605518957195,44.760540032201355,53.68025731222817,44.00083888680403,69.36743804498354,63.401688885801825,71.28252190424006,66.91652539318676,41.87464359961841,43.12980406356412
446,7436,45.50715278633586,46.15382613605723,55.83127474599816,45.82030672876201,69.65696016073665,64.47263292938563,73.13662034513276,67.35594328054303,42.781363513591025,43.95209338827297
447,7453,47.84680384097538,47.55125029097086,57.68173851013171,47.38895047318312,71.09685448855625,66.73550144121194,74.36663765327107,69.33266344574076,44.10656503580189,44.95687388598498
448,7470,50.25994391373971,48.91164575689864,59.43086086900289,49.22134341284729,73.1275611804089,70.30452415913163,75.91569675649792,72.80305873870302,45.87582175033065,46.18454420364148
449,7486,51.85208825270767,49.807071327740154,61.413228909123504,51.34902036310612,76.27577011087237,71.88006487093136,78.90633077900104,74.34376718032199,47.790408796666114,47.43686670877365
450,7503,53.90448787839957,51.88148285731684,63.48994429766035,53.632687704723324,81.2288396559137,74.42926155639628,82.18564880031396,77.9600657375554,49.87409533443164,48.86105527379675
451,7520,56.01970136178342,53.44744945125666,65.76507652476755,56.59142543026653,84.24634667744618,79.41431928817732,85.01564464109464,83.42482586919182,51.976605049521154,50.31977993683663
452,7536,59.415924501301035,55.07900287352485,68.76365911967422,59.08083791873284,88.88470862193796,85.35195737883164,89.38053680857911,89.9779102898287,54.29042918158628,51.82533045334743
453,7553,61.728444137631975,55.9101052507824,71.57501152518684,61.65359829789647,90.4370435464927,88.67788105458241,90.69951196456041,95.06882530249237,56.58412922636474,53.22502235212418
454,7570,63.70448099002251,58.06542083074422,74.09782676937009,64.58596481178323,90.50233916539774,91.34056744956133,92.58916783527074,99.83551827194162,58.954607773827696,54.876692252725
455,7586,65.37054957258378,60.43053888189628,76.06344754975794,67.6290720476888,92.90042579917774,91.91917566282378,97.22288012193455,101.25395235050887,61.24782011266454,56.58650345764088
456,7603,67.11570631916867,62.12073749862689,77.51029349695521,70.43207413087829,95.28279856698825,93.60049656706366,103.02312084269613,103.12265341654009,63.4670211041416,58.32116106711493
457,7620,68.99836922476827,63.296723393861676,79.78216908626915,72.38433014907905,97.50999256631772,95.64619213111985,106.61641653946315,106.5133568552739,65.38351004883505,59.9647051711823
458,7636,70.92519966154158,65.37614600003187,82.37586165430947,74.81188087533855,99.67831585037437,95.69049047729744,109.53364548250543,109.17712464538546,67.22286115361696,61.857913321032186
459,7653,72.39778374957046,67.15121491101323,84.68627532342519,78.19652793170373,100.86729941896338,95.93330299634015,111.53049888530836,111.26159319797723,68.96152170552655,63.67507213708599
460,7670,75.41227189445183,69.1599347466863,88.83635690765672,80.57223000296048,106.10198735552511,97.79071637486194,114.5447349662847,113.0929923277941,70.96986616990016,65.42095131004399
461,7686,78.2114524978459,72.22743150820274,93.36265265444301,83.07562330144991,110.8770316932924,99.9794792764631,117.92480434427752,114.35600593986555,73.18901540563562,67.44229011195917
462,7703,81.3489520709441,74.72830735548706,97.7037799328365,85.5571793893122,114.6580644251439,101.66657570854512,120.90133366902755,115.79652532028649,75.65913197487077,69.72860690428425
463,7720,84.57544089578911,75.70906317566131,101.62067948776722,87.26211591015469,117.04781170489679,104.3649676980108,123.80754166230874,118.73595893919499,78.3891802217203,71.79519033941013
464,7736,87.36002175767081,77.70612383677707,105.68463744287597,90.25447135539855,118.31794994872979,106.66704637458753,126.53209568762334,121.12231291512119,81.38162782334034,73.9061721245629
465,7753,92.09622120762131,82.41328453884931,110.68947499487244,94.33540311091919,123.94921305556517,115.1891879932526,131.1869891696063,126.02267388644584,84.71841768597423,76.5568420829955
466,7770,95.69003342990779,84.94501094322139,114.59199805545094,97.6816253365394,126.64515044419669,118.63971389949737,133.47379127006272,128.92491432150248,88.21413387238661,79.10035796999924
467,7786,100.37179091622009,91.99544724005493,119.19393014252734,103.27942781255105,133.60261610196656,125.51607662492931,140.04304169932414,134.43454712485178,92.01870164144182,82.55378594691281
468,7803,104.83478433955482,95.35727020023647,123.19840329260914,107.77508241409767,133.8105608742883,127.68446920966551,142.2864792297623,137.54167625333633,96.07057033019495,86.48342735182784
469,7820,107.52077211755172,99.06075813706829,126.70726279877411,111.55000691200242,136.36250526981726,130.17583991764968,144.9998054445958,140.4013879949944,100.10272040217114,90.75435421188608
470,7836,113.24312184252359,102.40775276150976,132.1191104243911,116.3862095113384,139.84491030575245,132.04727281971617,148.27601280859815,143.92896588393697,104.3321005291516,94.75324785641817
471,7853,116.73524716152559,111.26780859339333,135.97734722117858,124.26725522369858,141.60945516635178,135.95188779732607,150.8534203116639,149.833793751396,108.54114327547515,100.01780738645256
472,7870,122.20918181793701,117.81371081046186,140.91869392476502,130.14844081579955,145.55298239099008,140.2307611212616,154.7414189324958,153.590611281746,112.90862145581855,105.18146010053394
473,7886,130.1498379686409,123.60583837869488,147.16440704211334,135.80404247471668,150.98316158083017,145.36153809735353,160.1611747618308,158.01599500804906,117.97163218163578,110.83117373622562
474,7903,136.21800443724132,133.73407271232082,151.2890690272868,143.4408039131214,153.99536248608598,150.64458543731138,162.79236984581448,161.55841483024588,123.71107864557368,117.76583665127615
475,7920,143.08704915048406,143.75921186954045,156.4881184410651,150.4245576550988,158.21842713737874,158.59032489662687,166.0182286782065,164.37417571880977,129.67986410716577,126.03612847288227
476,7936,148.98620401248388,149.67690072061382,160.1765185482057,154.19251391321535,159.47589767072594,161.49319678997165,167.34763603786422,164.79883225677997,136.13005547735742,133.71794689832637
477,7953,157.10846565528183,152.85435223707054,165.04759233526354,156.96607475952612,160.25239155900857,162.90687232055208,167.86946661727055,164.5567595094876,143.1099122448264,140.7260751836481
478,7970,162.5649456249441,153.94388799950593,168.5805818190665,157.46305610741751,161.58154176027384,164.28059848402629,168.2465015812387,163.60035682513552,149.59293377608705,146.79368510781032
479,7987,167.20244005878664,158.0321370417991,172.49201970636582,160.5265108038853,163.09923049932468,165.60017742468787,169.741803965361,163.42398369900772,155.78982090039614,151.65329797370595
480,8003,169.121213933214,165.85162482165984,174.12830622688026,165.235217541014,164.77772553649683,168.9676101723094,171.80718584041946,164.45355418009498,160.99665385694212,156.07178056412982
481,8020,171.84470028683114,171.09296337479003,175.72008699795805,168.39056807480813,166.59252295623008,170.33612400781192,172.52617803229617,163.96822764622024,165.56835311181152,160.3549930949651
482,8037,174.56599141576498,174.14513882778323,177.57206315818826,170.13910066155236,167.2375620853535,171.19189027486024,172.84083346370474,163.86068769815904,169.05985826390815,164.61315041310763
483,8053,177.43328283323578,177.52035367528046,179.8017997509059,172.15345914389883,167.69168061114544,172.28168092152845,173.65036148716658,164.10284577444676,172.03352570556652,169.32844354826256
484,8070,178.20526234789742,179.92634848259524,179.18254813131733,173.96267744584557,167.7669307396053,173.6941154463189,174.36545304915066,164.4512034154068,174.23409016338866,173.70728583642176
485,8087,179.5032104287947,177.67197488221228,178.3355971512354,174.64512578341615,167.7976137248989,172.86744585258208,174.67529869943064,164.5035881563821,176.3104894625048,176.07135584853228
486,8103,179.16957380668782,177.23572507657823,177.05021669615954,175.23320296321404,168.28804755912714,173.0775992687861,174.68462335103885,164.49365415406106,177.77546416647613,177.2999081888899
487,8120,178.22422378696172,174.3661785226275,176.12230141304798,176.6768235806196,168.2429258464167,173.67501727242552,174.64316098338531,164.56804570602338,178.50711064071547,177.34411612785874
488,8137,176.46174320437584,168.73352516398012,174.8186472251366,179.21700742015776,169.6466711094538,174.34580550065354,175.1432206380538,164.7153023221378,178.3128027149435,175.58675042559867
489,8153,176.2067140379385,169.1699814229943,173.9797460710814,179.6906019883207,169.73089177877523,174.69163491071373,175.2960936920594,164.96928350681,177.9130930529517,173.4354770136785
490,8170,175.4509230010695,167.40721284464965,173.21967643768792,179.29233486988235,169.5908043236739,175.82879574643124,174.80417547499246,164.50253007192543,177.10263556740665,171.38252460616596
491,8187,175.4610994825534,165.729528023747,173.02537353927514,178.28186189217573,169.58863392794157,175.54452563357773,174.54348354456945,164.48735080869878,176.36094070257977,169.08128519559972
492,8203,175.19673354716252,167.76286464245902,172.81731073818852,179.02879539165053,170.2430652250022,175.11343305487125,174.49561024069138,164.44470082840533,175.75544265461994,167.760622419566
493,8220,175.5159057692552,169.0608910012835,172.90894864736802,179.47432048994204,170.32865483475206,174.56443931500164,174.38708073601683,164.43956693507013,175.56627516759582,167.8260955870267
494,8237,175.8567011239006,167.63801932534855,173.23708817687213,178.61927002578977,170.2065213806506,175.04648989789612,174.40161632467968,164.28927484021705,175.49627258478822,167.51970316749754
495,8253,176.36652564904432,166.3511610215043,173.67370123022508,177.79751651035028,169.74244293874966,174.90807922844843,174.25286138621757,164.23222738006757,175.6793931143832,167.30849280286847
496,8270,176.73774682829054,167.61815536949763,173.79414171245048,177.98977348850073,169.43870467115906,175.01270380720644,174.08378326022472,164.2061996263971,175.93472258353063,167.6862182720186
497,8287,176.9598956147757,168.98006211166378,173.83264936279843,178.5310745695737,169.40333776983476,174.90995704852816,173.93714762529552,164.1199533625688,176.28735499705326,167.92965776585953
498,8303,177.40037003230339,168.07437061451031,174.0113846798397,178.04549923536823,169.25549031350457,175.02288612348292,173.81993164102337,164.0229923606115,176.6642478496629,167.73235368850493
499,8320,177.55518890341293,167.1200813836401,174.10238122739125,177.47325445708728,169.6164786902181,175.13801485870246,173.75393120999058,164.0200362352276,177.0039454055654,167.62876610016323
500,8337,177.52181272209262,166.5216716358485,174.22303342348474,177.1907184117368,169.496825638153,174.9130189276963,173.74255254698414,163.93565766838103,177.23500282017503,167.66286822303206
501,8353,177.752532445113,167.1569847158901,174.3914862889932,177.39309295308297,169.41899570849708,175.09052180911416,173.8819952190104,164.00912885988208,177.4379599435395,167.57063409231057
502,8370,177.73332797909555,166.92857523948948,174.15867959114038,177.26270970429928,169.44937537698672,175.48279545021754,173.84718045143987,163.70130736315508,177.59264641640348,167.16033671787568
503,8387,177.57477713231586,166.97185962203235,174.21923554784144,177.27547741267318,169.38378997709862,175.40719125464534,173.97753035439004,163.52895112153038,177.627527836406,166.9398345193801
504,8403,177.58714282658443,166.932400965114,174.24629631275397,177.2379956803869,169.31734330471295,175.4626457677449,173.96534899979312,163.45940915689613,177.6339186210403,166.90229843567488
505,8420,177.50409469837226,166.393758519329,174.4498447270669,177.0251048230859,169.30439540431288,175.18540260325892,173.89979173839083,163.48944422029416,177.63037501629623,166.876715812371
506,8437,177.38008046029492,166.12705561265332,174.51458283260175,176.95268946347642,169.3422580277115,175.19603240486302,173.9761215266814,163.35975969855906,177.5558846193326,166.67072999172362
507,8453,177.45294694633407,166.4314183085315,174.637391885187,177.10428955976627,169.2337375184641,175.0762917217224,173.9351149591893,163.37777206849444,177.49980841278028,166.57129860553204
508,8470,177.54746106555461,166.55523600888338,174.79993058115278,177.2305778337106,169.23531993159088,174.97624354313461,173.93572659245797,163.41203617177612,177.49434519942807,166.48797388290225
509,8487,177.5054012689504,166.6246362294306,174.7849072469007,177.129920075419,169.18730752234467,174.96403958254228,173.99716332209567,163.51865959743682,177.47799688790127,166.42642093576558
510,8503,177.49235785918833,166.7452076767963,174.92420964157077,177.4984505801167,169.2748414184666,174.97695925796796,173.83616375493227,163.3225836073922,177.47564952006445,166.49671076725903
511,8520,177.48694350362783,166.9685208795498,175.33221009162935,177.98458223632798,169.24644890646766,175.0147699568836,173.76632344663477,163.1922309523816,177.49702212873106,166.66500382063833
512,8537,176.7748474205426,164.76900578686485,175.0091505211844,177.48021122536883,169.29497966200523,175.16577609696117,173.2493435726312,163.03111112280988,177.36140222357275,166.33252131630496
513,8553,176.61726596306215,164.8217527020249,175.19422807246195,177.624613801029,169.25645088439973,175.1081951014128,173.08809071945421,162.8629231235602,177.17536320307426,165.98582465493328
514,8570,176.55709903870397,164.93547466311836,175.22998672338642,177.93608156794443,169.2019963399048,175.21050920713193,173.01000504008837,162.74805153711148,176.98570275702497,165.64799234167086
515,8587,176.59979995411257,164.8772197763414,175.55061442875865,178.14394882100143,169.17599000675506,175.13316015370435,172.9458266434731,162.7902078921106,176.8071911760098,165.27439476157988
516,8603,176.87163151613572,164.48009486905002,175.62586410366444,177.88339532625193,169.1568356392366,174.9560805154861,172.5757242825506,162.66927311011435,176.6841287785114,164.7767095594799
517,8620,177.34254141906948,165.46477475243407,176.06024997192898,178.5827109237158,169.14933541505172,174.93796368993475,172.60183702537307,162.80734973181822,176.79766757821676,164.91586335259376
518,8637,177.99595563121255,165.89404230973656,176.44143258352426,178.86148431122552,169.04935317932154,174.9822454141892,172.56509231178956,162.79070336436067,177.07340551184683,165.13032127413607
519,8653,178.73241691776803,166.15216401897115,177.12389713767848,179.41879331532104,168.84525524316166,174.84809706108476,172.32289958385437,162.80937440953585,177.50846908765965,165.37365914530662
520,8670,179.35381200448188,167.25290147902592,177.8563631925445,179.7420778693835,168.68726015871627,174.666167104669,172.16201473129126,162.7916313691273,178.0592714977335,165.84879548584354
521,8687,179.670325730627,167.3964789699337,178.32909539324066,179.4203662230907,168.58973449082296,174.62143496429724,171.98221324721192,162.97138507987526,178.61901034063177,166.43207230602027
522,8704,178.7424259738802,168.5922036347019,179.75398600827933,178.54603345822994,168.43333690108614,174.38322594630435,171.69286965733244,163.0168026681915,178.89898725159392,167.05755808247386
523,8720,178.33362789739823,169.95580248525886,179.3914327837723,177.22294990812534,168.32099542606582,174.26053628613545,171.7077091428961,163.00759199864726,178.96652170483108,167.86991011757829
524,8737,178.09159519204601,172.90931044383123,178.7454357990179,175.00851150410446,168.1732436344437,174.31206084593896,171.37920964022956,162.6240408591958,178.83835735968665,169.2213394025503
525,8754,178.06468424995714,173.5695248964894,178.33844356992407,173.78344936176404,167.9399299459964,174.02950341004194,170.88346876761676,162.22478498772682,178.5805318087817,170.484664086043
526,8770,178.22180137086045,173.19739735731082,177.96060789561392,173.11564918127402,167.82094438744468,174.01252493656082,170.35989600110037,162.0744868065008,178.2908269368284,171.64484776351844
527,8787,176.60497456068921,175.7335423037745,176.25624721741931,171.40258314164453,167.13320894893013,173.05135525011377,169.11182801525865,160.81470224345944,177.86333665419022,173.07311549733294
528,8804,174.50472519410795,178.58001968869783,174.4979824044126,168.76996555067475,166.6249646182832,172.9936393742149,168.31773278720127,160.52804685093167,177.09755611353216,174.79795893802074
529,8820,171.62489982067234,177.78336297492243,171.3994449127165,166.0862188442393,166.02317779821794,172.823872487179,166.4700101776223,160.4826947305642,175.80421703925742,175.77276944423897
530,8837,165.2048208889008,171.44535980160015,166.73443362930973,162.29062197624768,163.5551864274454,172.33485387998775,164.47231782854897,160.51519098981345,173.23224436704615,175.34793642526114
531,8854,159.52298168867475,169.144021846925,162.78425522503696,160.11458847736668,161.81330266272448,172.26846775535347,163.1142035922523,160.50287460454746,169.49248043060902,174.53726132318397
532,8870,153.9060693010263,166.35747832939234,159.12576943387808,158.473292420447,160.01715475074528,169.87285070809133,161.32339986949296,160.6808433641315,164.9526993786764,172.6620485283075
533,8887,147.91664446079506,161.50011781725422,155.1212997761216,155.54003486927067,157.52027781220377,168.48387745879072,159.85883231044446,160.95176541708184,159.63508323201387,169.24606815401881
534,8904,145.16303832996786,158.13724532771195,152.48780463870702,153.078549102152,156.39567671000742,167.402515379779,158.43912278430415,161.20332784036285,154.34271093387295,165.31684462457673
535,8920,141.28409378495593,150.5895719213856,149.80286997226693,147.52088440405424,154.76820880443105,165.2090974459223,157.0246744202442,160.42905950310094,149.55856551308398,161.14568704853383
536,8937,137.27194514379332,143.00314161231955,146.94771046332485,142.1752789248934,152.8371593084,159.61391924309382,155.46703050475918,158.3892197113549,145.1083582041077,155.91751100161272
537,8954,132.2560268775807,134.67075872284576,142.01378182196737,135.58346742234096,148.41545508880017,154.304638279202,149.4072946295653,155.63791057396585,140.77834971941857,149.58016708030343
538,8970,126.36576674088536,127.81690063141185,136.79220607911088,129.81798359922576,142.88997934690036,146.32192890076712,143.53961530155095,148.59086117210595,136.46817417543662,142.84352364313494
539,8987,123.56079135102624,119.69992105861635,132.67495650002542,122.43811367084729,140.93200586879496,142.2389314861116,139.93944869463135,144.4620897433186,132.14772477964829,135.15605878931584
540,9004,117.74279319725292,113.09418440364136,126.54094554142311,115.85594023022256,138.49166354959988,137.5120679853472,136.21968869582957,140.57493206993303,127.43946466210771,127.65698128576699
541,9020,111.01712389994998,106.91686021418484,120.39558430536722,109.84701191529392,134.26512555740877,133.20279747426446,132.66940478337827,137.4712834296981,122.18850041333903,120.43972500614004
542,9037,105.34410716691714,97.15806651320385,114.42096514688411,101.37982260280285,129.46665391352803,126.05024226324794,127.92551824589407,132.57342429058022,116.80611647120634,112.93718656421166
543,9054,101.1548830505304,94.202803155206,110.19151778243317,96.93832323229435,126.4522298078359,119.57766066641923,123.89990691966534,128.16150784752034,111.76393973313535,106.21436706897047
544,9070,95.96266547533266,86.87757976026336,105.05904433302342,91.51946939999759,122.64340407304022,109.16292231745257,120.51951766362745,121.8701161377338,106.2443145579966,99.64989880929987
545,9087,92.42026110060635,83.40848926323862,101.04861492956614,87.46641125057188,119.50572163462455,104.22798911483162,117.2744004142988,117.5654455030299,101.1798081386673,93.71275978121933
546,9104,90.56720930572155,81.84370449964976,97.29203249592715,84.25213110866034,118.46382726541746,101.18632992129979,114.765426568583,112.8174808137,97.08982521982162,88.69812863831233
547,9120,88.42798408442867,79.80257123456805,93.74374981918308,81.15610351270325,117.39874714968884,100.89039327177478,113.24453488571285,111.12465311763502,93.70660060332393,85.22702958258517
548,9137,85.36555715409284,79.93917949662821,90.62476831279528,79.571304477155,115.80849630424304,102.5854701838759,112.80214165680103,111.30860332548191,90.54873542403641,82.37430485086959
549,9154,82.08286227299055,77.24663014892747,86.7720299920437,76.6572896388666,113.77419275454194,100.75464950657005,110.3632890123013,108.94417221466684,87.772774783568,80.44811492860242
550,9170,78.80051973133506,75.63316810418056,83.32323206778348,75.23916210471027,109.37816996989795,99.4441850515498,108.74332187421716,107.98952237018779,85.04882650971373,78.89305069679081
551,9187,74.94172356609603,71.49504131592992,80.77987494293515,72.43180413392889,105.74230534358432,97.0948873147192,107.37098492545199,106.61209399567737,81.92372936178863,76.82331806004683
552,9204,70.75012637003283,68.87598468658557,77.45749814783247,69.6366512261114,101.4058759396686,93.78145665614376,103.72645518260248,104.02352339686288,78.38815781890946,74.63800075045035
553,9220,67.75833120640604,65.14118514478412,74.88652887396402,66.16745922497009,99.3817148085738,91.54488622392388,99.34598352927759,101.68786055311199,74.86671262937209,71.67840188008152
554,9237,65.73927418988663,63.53376872345125,72.37049115764316,63.573412834549224,96.61689019922652,88.31870120765916,96.52671099871178,98.22507098780268,71.59799501275131,68.93582959498629
555,9254,64.38133878828232,60.268301717304176,70.88591747879227,61.047623468824774,95.13284873238094,86.6666804645374,94.6491353845197,95.03684532688119,68.71415882414077,65.862856317611
556,9270,62.19280105911702,57.262971788493985,68.45346706933722,58.57279898043233,94.61465886606155,83.7979989689725,93.73292508526012,90.09639846285182,66.16437432274498,63.01644241212382
557,9287,58.81625798516918,53.36306724619036,66.05759118191034,56.03835908836067,89.88212169483059,78.85192081148679,89.71890807827059,85.45591869732556,63.77760064577224,59.91385892404478
558,9304,55.33021797980468,50.99219253362524,63.827539926181494,53.18898779297682,86.38211618773262,75.33448259390352,87.62200734349125,82.04103368498748,61.29197800045197,57.084060401813
559,9320,52.069115814954436,47.57575499781146,61.37814692346588,50.64119999754599,82.24854303727345,69.54049158488147,83.91916201587811,77.0963149931515,58.55794632546552,53.89245765668504
560,9337,48.58195231250581,45.59550106813766,58.58838989672178,47.83354053319074,76.4913995522424,65.24372386958413,79.45420241537296,72.71042529127487,55.398069030310225,50.95789752685174
561,9354,46.077974377325354,43.23839506444399,56.24525915333175,45.51346065595849,72.3904230855874,61.82878015872635,75.51507226195521,69.91242959182361,52.1751036939519,48.15298218204174
562,9370,44.47480815456763,41.70671277153903,55.07911521073812,44.53765921269022,70.98980370657004,61.243042245792964,74.91453032789084,70.3142140211542,49.30681372783158,45.821711287111484
563,9387,42.93646546196954,41.09120456481306,53.27056943796072,43.50496554179391,70.67470296078933,62.18556650747873,72.27985340643681,70.17729657413524,46.828063224264554,43.84151369334904
564,9404,41.846981828315215,40.282129531373,52.24124051722045,42.419904714053345,68.68791143927847,60.59274417097092,71.72672378652761,68.05007534069858,44.78363642693671,42.382788600061346
565,9421,40.93039270570445,39.72583618134385,50.895783324943025,42.106641273554104,67.69404641350894,60.08595908663773,71.02010306341859,66.68685057573163,43.25332450557644,41.208855622702586
566,9437,39.69888253857737,39.21081695574547,49.679635302465826,41.559554855028516,65.38975883037838,59.815016559218655,69.40913650398525,66.15310139416295,41.97750613782684,40.403340000962885
567,9454,38.460564705319925,38.470662389473254,48.75490305903866,40.529253143919334,64.89509517338483,59.16051820917856,68.56301685611355,65.4147250550643,40.774657447977305,39.756129924549725
568,9471,38.295391822260676,37.24490089281048,47.697383867613134,39.297929628861645,64.05066133778362,57.34045688566619,67.5835637507566,62.52743769573627,39.84644272003553,38.986869190149214
569,9487,37.51250731298734,37.13086659195483,46.849535017760424,38.568074474030304,64.48987659434744,57.87092645613633,66.86700685252801,61.916641925202875,38.97954781696995,38.356616602265575
570,9504,37.759348727515984,37.705087774837466,46.053876293840716,38.05895196006766,65.37363225182166,57.684627712215125,66.36061937293833,60.033190382695025,38.34533902133226,37.9524669209643
571,9521,37.47376094577223,37.500337733661915,45.99146228811257,37.61187157621814,65.6299162105627,56.50776521869187,66.24557353274861,59.162003146455945,37.900314702771226,37.610371076547594
572,9537,37.72604877314951,37.31185573706807,45.692535562488814,37.53020563626461,65.28819851186903,57.093305145784704,65.51135676538226,59.32513193901003,37.753411516337145,37.37860974606655
573,9554,38.01732761415806,37.68520285787608,45.33581302808985,36.81538663153651,65.23527484923159,56.66399704679735,64.66058046001237,57.552181941583605,37.69779867471662,37.466670139079675
574,9571,38.34308473983465,38.05197161142609,45.60503136903267,36.966777457710485,65.5464052216812,56.25315281803857,64.44940504872824,56.711976034614956,37.86391416008608,37.650891142973926
575,9587,38.63802234704887,38.22226720189023,45.58363884766649,37.17794513749557,65.22069602000502,58.55574057063117,63.57798892081292,58.42328964640018,38.039648883992655,37.75432702838448
576,9604,39.10383067998828,38.447643787666344,45.96667827414171,37.15742980680349,65.61565312471352,58.11393232682232,63.98931610069734,57.61844485397452,38.36566283083587,37.943788239185366
577,9621,39.653382634121996,39.758917963696014,46.45772657678789,37.6746901357704,66.38485909429603,60.19133891082083,64.38862711801094,59.14675472678535,38.75112960303037,38.43320068451095
578,9637,40.11852967068611,41.904016820169744,47.02472926388248,38.3784825521488,67.2779980181645,61.81772375397382,65.04807480797786,60.23317466865593,39.171370014335984,39.276963476969684
579,9654,40.42010940388543,42.362092974818246,47.27304155364572,38.72762262009296,67.78325160879844,61.391347293220065,65.49930051423962,60.13015730088579,39.58677494714613,40.13898774964811
580,9671,40.44394135971352,42.42844363134303,47.424150796175034,39.24984776775569,68.06312603725112,60.736350640345485,65.73796877957528,60.4467521530581,39.94795874967906,40.98022303553868
581,9687,40.58480189378329,42.85247452544898,47.31563713973789,38.45122819308794,68.29678895617435,60.62774327398444,66.04635761137493,60.79100333170841,40.24415299243806,41.8611891830952
582,9704,41.595862888952034,43.747403287722676,47.78231713903844,39.19796445423239,68.7096982373009,60.49605238740632,66.13810497007563,61.07212004680983,40.63264904340407,42.65888624790053
583,9721,42.90277327938071,45.108136516932845,49.109105988985995,40.99009893342613,69.69191888129984,60.78183463784024,66.36043952511723,61.35612248766335,41.189497765143,43.29971018725316
584,9737,44.13784626656478,46.64453727886286,51.54615641312018,43.22707964003993,70.92373016230452,60.48378103007006,68.35964226487116,61.312001056824506,41.93304513767887,44.15619904806208
585,9754,45.18949249801372,47.24480786962757,53.33154341340628,44.29861456818074,71.19234480295759,60.92910927647778,69.01080845683217,61.655663190836556,42.88215536533891,45.11947189571899
586,9771,46.695030736669146,47.73410845414918,55.43544757957394,46.28279478730292,71.98342765008111,63.65188697621898,72.55909088723843,63.62729004073823,44.10420113391608,46.09579868145903
587,9787,48.048046570232906,48.21080561519954,56.90938890326113,47.90094403540641,72.29969393274546,64.27683258255422,74.02303588683594,64.37722002499045,45.39463787017225,46.988479146954404
588,9804,49.299181236308236,49.055782084146294,58.12681822905081,49.24684011443893,72.98123987171796,66.38458254221432,75.7915315953356,66.13191385891938,46.67391946155776,47.778008260397094
589,9821,51.26164544098081,50.69344876191418,59.86784085360055,51.9502785103653,76.36617194227732,69.75825806225852,78.0969794871161,70.57220843844851,48.09867929644096,48.58779055700736
590,9837,54.018315198132356,52.19415490964504,62.232179059684306,53.841448708000094,82.44429142736607,74.42509160580852,82.99846660596081,75.6460264879756,49.864443836464694,49.57765996501085
591,9854,57.693481985515845,54.020559144967116,65.4074288025035,56.32819972741733,86.30189575843309,79.21991885029735,86.96380024724269,80.79117856449604,52.064134086234034,50.834950103174435
592,9871,60.1352141521459,54.33877169991023,68.14574146725074,58.37996599484118,87.0176397778677,85.2408389653707,88.42875126016469,88.86259798869504,54.481567602616636,52.06054332011657
593,9887,62.573975523107194,55.54499176052159,71.61652743563101,60.832162269263144,88.31684646054053,87.313468880753,91.64268021855914,93.71085036708863,57.136526459976416,53.35838525539164
594,9904,64.24868821358969,57.31644968408785,73.64928093396402,63.62652840821181,90.9479781514934,90.32956304283712,95.7742078825249,98.76000851476184,59.73393501449819,54.68298543982637
595,9921,66.01077263507517,61.43707392384478,75.92167252046498,67.14791011354747,93.6222781546219,94.06328884671177,99.674862433045,103.25983228397418,62.132426501886755,56.53156924266631
596,9937,67.48706763967884,62.74210282799032,78.1989958424618,69.40937118222053,95.58935389131243,93.69988063349959,104.19230361575555,105.26625883783625,64.09114363271937,58.27587797927096
597,9954,69.08750265854407,63.95257162877375,81.00165124942302,71.82859922005878,96.81887352936948,93.5377917825951,105.95585442147073,106.9300863611154,65.88160133399899,60.19863796504366
598,9971,71.17557368022457,64.66760125751054,83.36550978016028,74.74636450558278,98.98822973437366,94.12274490821596,108.14911409920738,109.63221916517055,67.60192096542247,62.023159864441446
599,9987,73.8586811216508,67.6407841093821,86.41807405184642,77.76842314123391,104.56865454981428,96.58981698642843,111.60053352878421,111.05080551665756,69.5239195470347,64.0880267495003
600,10004,76.75148977570912,70.92745209498956,89.98141078575351,80.97779868393071,109.52966227152805,100.60505449222683,115.87997047307685,115.55324776157934,71.67206297516148,65.98610238372926
601,10021,79.1169561685301,73.30890685999833,94.09695015804526,83.74413032388475,112.18643670197444,100.45721166650596,118.84020207322376,116.54384607526654,73.99804068093174,68.09946319013086
602,10037,82.33190142770084,74.98129394220345,98.99852324813901,86.73771486644218,114.2486201930191,102.3389995997168,120.86042965245706,118.45877664485914,76.64692043476308,70.3052076528168
603,10054,85.11709368366358,76.56268317479163,103.67847247825783,89.01448903942753,114.51019662165682,104.93867427662177,123.67837160278788,120.66406233251338,79.43522443545089,72.68422403627302
604,10071,89.27226728300958,79.08889580382719,108.6997220683767,93.34261053797704,118.59914044279907,111.85744608495256,126.58257559514072,125.5796968020196,82.51794166772264,74.97384637516204
605,10087,94.33977255391804,86.77513891695517,114.20957202960324,99.75077140994956,127.77943709554924,120.897359838306,134.24817210441188,132.1074645910176,86.03559822336442,78.14338373955516
606,10104,99.36666300281938,92.03947842361755,119.40672592941213,104.99221591429149,131.58948527448402,124.93200856817103,138.94715195626497,135.39057411233765,90.08553959022228,81.88949805227898
607,10121,104.80674186696027,98.13872569320706,125.70961939209064,111.60048245820826,136.74840739732358,128.84521542999173,145.17630491378594,140.41035110793214,94.58050767807417,86.52098440247973
608,10138,108.55009300825667,99.15571781805242,128.84176725875776,114.89711775525141,137.57245921651594,128.16183963433713,145.66862427485185,141.72342845371483,99.26710754299279,91.03959133113187
609,10154,114.64722994664714,107.74930979732993,135.46731366078473,123.23133532985172,140.63023732219244,133.66127333626932,149.7440287354254,148.68143841299852,104.34210007572031,96.77167412983243
610,10171,121.84125908878013,119.1905633661111,142.60394050708783,133.99224794779627,147.0456273600469,141.58200906508176,156.61706191712452,156.71498073633882,109.84239738269271,103.25475901966361
611,10188,128.40322145889047,121.89651869488904,148.45632812020224,138.25858226765502,151.84322740865946,145.8377631215549,161.36557287050366,159.1999052094087,115.64970907390693,109.22616707391792
612,10204,135.87177976556515,134.3139369578841,153.8799066148091,147.98465196157892,156.30029238502917,151.07250424995817,165.89160037929304,162.30347646441297,121.86271665362793,116.46120932685331
613,10221,141.8611648521788,140.61701479433927,158.1301949695669,153.21575088261514,157.11763741476233,153.55481808762525,167.3943314001326,163.86324122912694,128.52493102241235,124.75346872211068
614,10238,147.79273998295307,150.0630772332501,163.02706743681804,159.82273584277536,159.82733787881892,159.84261286586138,170.2881296490304,166.0727374665466,135.15403302967354,133.2162222092947
615,10254,154.53078077929902,154.53216654399796,169.3875244012177,164.7823974671469,162.62207258297457,163.9000078766729,172.77007996695065,166.83143771986784,141.6919373677773,140.28454284487208
616,10271,158.31434341996555,159.6621879186811,172.77838680150742,168.0143515765328,163.36455757511393,165.5738344902823,173.08603589325497,165.84669592181214,147.6741617599923,147.83767668963048
617,10288,161.72569122375685,161.4937276513522,175.47703829150052,170.00091457007701,165.01269882074502,165.95235967321912,173.70187864512283,165.39052657271665,152.84494405163065,153.2736348283241
618,10304,164.50433742181275,161.18082750831007,177.56837932056487,171.43941618746643,166.0725514576316,168.42960500081492,175.23105647077747,164.51843472919018,157.37357856555747,157.3863973711183
619,10321,166.5005143450502,162.79598293802837,178.75536761361963,172.62059294861706,165.70870983604374,167.27656696518363,174.62737204509173,163.1907102209579,161.11513343797685,159.93297851207393
620,10338,169.13545321895245,165.39513519953832,179.5184509503448,174.68228119133667,166.4662309065245,168.61863286482406,174.71428644530658,162.81284170311207,164.03606792590756,162.10557224318202
621,10354,172.07602843409293,166.8483602951166,177.79698631399785,175.06431460432924,166.61735638849171,168.3975058738399,174.53481098776177,162.5467553632772,166.78840492873303,163.54280671846914
622,10371,174.3626086392072,174.69177635425586,175.91368289810478,179.25130010524722,166.70884269951006,170.93278388690766,174.3511885301285,162.0933065973126,169.31578841182312,166.18241645904982
623,10388,176.20841423245875,176.00022038673413,174.54113215901626,179.8504627405876,167.73510894349172,171.20637035633249,174.1224123693361,161.92906992725176,171.6566037739523,169.14629503473466
624,10404,178.32543347083276,178.0096538250985,173.59668045404212,179.26539966361483,168.2047511915137,172.25747861184797,174.0850555664566,161.7349069309481,174.0215875991088,172.18902921214868
625,10421,177.9725536223201,178.63120997887506,173.5418723852358,178.9460946910603,168.16545988702538,171.92392547391205,173.81419783009062,161.82548389627482,175.78900767978234,174.836244168016
626,10438,178.91542664267996,178.9329957414306,172.92573448061958,178.67020846246913,167.90744356770153,171.93096519763665,174.13819035530398,161.85235478416647,177.15688732149974,177.25317125727884
627,10454,179.76396884881717,179.62677395386572,172.33365247895446,178.59318488695664,167.6278842666675,171.9836830224825,173.82130363847892,161.9299629044924,178.23715936342177,178.24017077720083
628,10471,179.3079271034412,178.50739603855484,171.7278159534611,177.04913229887194,167.22669979003362,173.01722353533546,173.4288426440946,161.38381322796104,178.85706193761823,178.74160590756495
629,10488,177.47518297654102,177.22408731151995,170.38124318279552,176.21783094181632,167.73061023328322,173.84931164355442,173.28295492712957,161.32487534941322,178.68701183875987,178.58449260484923
630,10504,176.80436504423955,177.32890589713944,169.6457201290214,176.10447588899416,167.78133711207664,174.51624530603183,173.26685084134937,160.52301531100764,178.4533741231438,178.3240317885021
631,10521,177.00129971077845,176.7576352288918,169.4575099545986,175.99072630983162,167.34026471190666,175.30242653916227,173.21200848775229,159.6632339862222,178.0705487367635,177.88895968599434
632,10538,176.3100588704404,175.26797767479383,168.96846973344108,175.0717342341506,167.4570221738127,175.19890609400397,173.17339105581337,159.73468956998943,177.37976674108813,177.01720043017994
633,10554,176.16214301068797,174.64111438966464,168.85051346425394,174.96758055398598,167.50659930798892,175.65507474280574,173.1730988797569,159.33616880745242,176.75060992253748,176.2439441004019
634,10571,175.4112195359932,172.8490657348413,168.58870449718694,173.97893534634983,167.45117510911058,175.57570642541452,173.1651043680043,159.47426105546236,176.33781723442794,175.36893978506617
635,10588,175.44120027490013,171.82861075980327,168.73400880995504,173.61883079336664,167.58752675621358,175.29094500656888,173.12438085601462,159.53011252614368,176.06518428056003,174.268880757599
636,10604,175.81282619966785,170.3347745514082,169.05077243089244,172.74976295014008,167.6436371464346,175.5167871553576,173.1007338657944,159.59915804602002,175.8274895783379,172.98430862210225
637,10621,176.05418811262487,170.32519342561125,169.22537559679716,172.74430373784153,167.69316760120716,175.4676496057535,173.0162664018699,159.67707310920824,175.7763154267748,171.99575177226572
638,10638,176.03152117048663,169.98348049696074,169.3103533064502,172.71637184070684,167.2374239935737,175.50137396022294,172.60955531359983,159.18835146023736,175.75019105873452,171.06422499372496
639,10654,176.38379867969326,169.7430294970383,169.54977800076023,172.56994132377338,167.2574179367267,175.30291911663707,172.5457930074836,159.34707464757238,175.94470688747455,170.44301774616434
640,10671,176.63511382235336,169.9196363748986,169.72821496124095,172.3438495542462,167.1093900681769,175.4209021324854,172.40409964123668,159.29762436153848,176.1834895969652,170.0612228691834
641,10688,176.85689945073264,169.97759051566723,169.90898639206804,172.46695482423056,167.08592527093398,175.36204531067298,171.99536527820456,159.12075847184585,176.39230424717815,169.9897860620352
642,10704,177.0086660664118,170.05793996148302,170.00701010241346,172.5358586711862,167.1930559055586,175.36635136408665,171.9686693775369,159.17022714153993,176.58319983793552,169.93633536920956
643,10721,176.9072162775694,169.8021148818313,170.05998715966606,172.49189582778627,167.1798330747146,175.38796321688903,171.90017984494696,159.022383189325,176.7583388593521,169.9000622461837
644,10738,176.8897348689914,169.88003208618179,170.00434869528107,172.57144043373995,167.255653062622,175.57176696539491,171.83920763833933,159.0096326135341,176.8595260972117,169.92746276401238
645,10754,176.9319057617456,170.068356247868,170.12601571939237,172.64899223050622,167.24341153700726,175.6494592690853,171.81351356453206,158.96937604024518,176.91888448509016,169.95720673860626
646,10771,177.13117077027817,170.5401815966064,170.3037289533763,172.95616259319775,167.2109207105346,175.45516950003963,171.79817964614753,159.0507978303471,176.97373874899927,170.0697249547941
647,10788,177.1944807133901,170.88154024750798,170.47774932124386,173.0584021705351,167.19495082877188,175.7827851072159,171.7641233397923,159.2415922354073,177.01090167839496,170.2344450119991
648,10804,177.35273151937406,171.1248089288481,170.6179153493492,173.15237672340254,167.17535486363224,175.64092596374192,171.73826210153732,159.2705153055606,177.10000472675588,170.49898382140245
649,10821,177.39170502925532,171.33436060464612,170.8566785894142,173.31164904484677,167.0844532096978,175.55036111618418,171.34468270462995,159.13769927528287,177.20039875880866,170.78984952509535
650,10838,177.6079225772107,171.6239448221951,171.10683354737367,173.52889071786075,167.10467666883233,175.602662122151,171.46834651212492,159.5673061486541,177.33560212190167,171.10096723996074
651,10855,178.02832715386432,171.91901253351872,171.48417679338806,173.67031771502897,167.1815942418941,175.46706034556473,171.41303314231337,159.65822461003685,177.5150333986189,171.37673342734323
652,10871,178.29002272337485,171.99732319061508,171.80779833437919,173.81137954651498,167.23320525288997,175.15236314248148,171.49491093815695,159.82674012024611,177.73414180061584,171.59989001596463
653,10888,179.17548137623407,172.32513288930812,172.504383418608,174.12313477946907,167.17555394214236,175.05613542621907,171.24136396702838,159.89653884447722,178.09869177198783,171.83995480805666
654,10905,179.81565512446738,172.52105626772635,173.12085089826272,174.55230246142855,167.02798840767406,175.040780838405,171.20969534714436,159.79644140780596,178.58348179103027,172.0772939406727
655,10921,179.25359280274188,173.23138125765263,173.49775499780074,174.95060324117776,167.05140817777271,174.9667294635903,171.288543287104,159.86131996061843,178.9126158361365,172.39878122776418
656,10938,177.93395273646166,174.30530935618734,174.38275097150438,175.69936113710648,166.90631486583857,174.74616330279233,171.28718575865577,159.87076558399033,178.89374095265597,172.8760405922979
657,10955,177.08037998118783,174.47584453869558,175.281152063022,176.1907619038777,166.76393069116764,174.4909058031487,171.27766017514696,160.10593745573408,178.65181240421856,173.371744861914
658,10971,175.96398443128396,175.24931348644415,176.3617122232768,177.0461508983885,166.97210174567167,174.73494571486415,171.15598582911048,160.70624919759783,178.00951301522855,173.95658098134123
659,10988,174.59825194967732,177.54476243262857,177.57594416803767,178.59344302253803,167.022732787971,174.67372464128158,171.28858683654917,161.4228770159179,176.96603238027052,174.96132221432165
660,11005,172.80503827026655,179.95779240978297,178.80784445708144,179.88636565912674,166.50970723204114,174.51795357669022,170.9498316460186,162.02740128750526,175.67632147377546,176.30660444474773
661,11021,171.0477762352037,179.04497645383267,179.50036664985566,178.72611880647054,166.23304393290854,174.45608267071563,170.19384868006833,162.36953986205393,174.29908617352388,177.25453786427678
662,11038,168.51287959199743,177.3406244805155,177.46352795473322,176.10963914758645,164.7943898731163,174.0590473947744,169.09123308991187,162.47731881596184,172.5855860956858,177.82749385264077
663,11055,166.77321743333317,174.08242641074122,175.9500180824917,174.03652355507052,164.4799709998166,173.22137653537473,168.59402550519644,162.69391775976783,170.74743269609567,177.5941164375002
664,11071,164.2804586524438,171.99403886999826,173.99509130486598,172.27161485523303,164.3896980502128,172.22602342963896,168.2070409142921,162.74436045747888,168.68387403664894,176.48397172497408
665,11088,160.64882784058375,170.44354912081477,171.55065654405587,170.48549155138113,162.73560720706496,171.08182751709603,167.41980346471644,162.91572072198045,166.25263195071236,174.5811230671805
666,11105,156.65699121380004,168.20629192121174,168.76450087852223,168.3087869857712,160.4623305473214,169.5405118781987,165.698560523539,163.5109485053713,163.37447494643166,172.41338616065627
667,11121,151.997063143944,162.31116675975198,165.44004838223304,164.6269789948233,157.99107305403362,168.02311909915565,163.8469076580278,163.3540539929314,160.07131165682094,169.4074946165036
668,11138,147.33691254235265,156.74056753490987,161.96023167588925,161.0340354808925,156.9756560507203,165.85080765207596,162.72099275717412,162.9078800634041,156.18405067862486,165.9391228413373
669,11155,141.5429694640638,152.80223791521928,157.89692330415835,158.36248056248834,155.14216784228688,163.76157193076307,161.4474329753357,162.82229738238556,151.63655284094884,162.10076265038154
670,11171,138.89466553769995,149.2995730868794,155.4861617527381,155.4980226203906,154.04076635149548,161.2114546067478,160.17501574301386,162.15474414581982,147.28572038037208,157.87196744359446
671,11188,135.70877708902626,144.25752744585913,152.71503424785624,151.45180238761915,153.69259605658843,159.06318273458982,159.58064846385295,161.77089570863117,143.09607755541734,153.08221454852392
672,11205,132.11153310968876,142.53095525241378,149.85714851938587,149.55183240280485,152.38767426727995,156.85179700479424,158.22873231264373,162.04079786051483,139.1189715485663,149.12617224705633
673,11221,126.09056574236077,133.53317824903584,144.30820082294792,142.85763733793468,147.13514250618246,148.05303772322515,153.83236100065452,158.95658856466918,134.86970218856794,144.48469438988147
674,11238,120.81325628741845,126.74674269004625,140.57745181224107,138.37059082202416,141.18643790175432,141.79602630495145,150.00668951773113,156.15931956673128,130.72375955323884,139.2735953448469
675,11255,115.4153613418533,119.41272811508463,136.2206995138075,131.79008120107284,136.66682729681236,137.3306878984247,145.22201444905136,151.64497479560472,126.02789871406951,133.29622635048793
676,11271,110.23980627404575,107.80981443991458,132.15453372450705,122.7249859452312,133.6015448442,129.62305869771933,141.6565488501992,146.38145120912435,120.93410455107342,126.00668374929901
677,11288,106.07425963864117,101.75058191969826,127.63714920852752,116.59144246633619,130.1418444461336,126.2341550007607,136.56544326576054,142.47723109210267,115.7266498568639,117.85060908275591
678,11305,100.74872163345678,92.19539299998034,121.71268284478411,108.57887932868479,127.7333990844628,120.26802245088486,132.73608109298453,136.01665254314787,110.65828103508309,109.5830520329448
679,11321,98.54727510534646,89.75445157147942,118.60553455817707,104.42828379658373,127.3737093011444,120.41693744318937,131.6063918131058,133.49932128909097,106.2050847986687,102.18459380923146
680,11338,95.54102838346193,87.05123333870775,114.98143043803785,100.34491103308915,125.18557915370745,117.65351811657533,128.0558813139191,129.82452166988864,102.23021820699041,95.71229485395607
681,11355,90.77275845895454,81.82990031172193,109.97372454861551,94.5596216143381,121.5001462367696,111.1740194271681,124.54184380678532,124.59953114786397,98.33680864397218,90.51631202831754
682,11371,87.11603451751311,78.33107257855032,106.03688799600918,90.47693074721568,115.9320217814491,105.73472370949575,120.9287673686652,121.42157593491832,94.54516361974657,85.83241016008796
683,11388,83.16394357615522,74.89113855344146,101.24116968677768,87.32160501477823,113.12502238994779,104.18102411910792,118.82523791061088,119.0464967509609,91.02820800828624,82.37155927078018
684,11405,80.15258617721943,72.59344021847507,96.97618765958612,84.24423454374758,111.66099319936413,102.1564870106145,117.25116303351284,116.79326897710722,87.34927022266083,78.9393570001793
685,11421,78.41849304439489,69.81677094386357,94.35221801621066,81.5532420339876,110.64370162456095,100.45733360586725,116.5735349970239,114.69250405041865,83.92476315484743,75.49246452121047
686,11438,76.36522901893171,66.76417363138155,91.0588196032109,78.56477395585777,107.9509725762186,96.70718760486172,114.52133124889278,110.89102999413562,81.04325726684287,72.47931918514239
687,11455,72.53899868171008,64.38615756274629,86.27428443147593,75.69760483531059,103.88732582486097,93.06054563381723,111.32365628176987,108.24138612239801,78.12785009968226,69.69033618198158
688,11471,70.58582870867095,62.469118608117746,83.33694749588267,73.43600672916608,101.9424730677138,91.42861497279691,109.02473559504209,105.37221720377536,75.61222712618542,67.20593219291685
689,11488,67.19630816330796,60.76517572427939,79.57407312667863,70.84102256596208,98.07676932241088,89.57711518829889,105.69551644908371,103.47205297298731,73.02097152340312,64.8402792940777
690,11505,65.44520571124662,58.36930672080277,76.80009825155743,67.8199375021737,96.87379100744366,89.15155323350682,102.39796299231413,100.81995795946462,70.42631405677346,62.55078644946555
691,11521,63.39861662373471,57.053951174666295,74.4567597280118,65.68582703666702,94.45061031307625,86.78089032870058,99.55608607159039,98.59957982352027,67.83299157773406,60.60874195812251
692,11538,61.25253165215945,53.30919772008622,72.11190787386845,62.14611616323682,89.94506068878998,81.31447855853978,94.37571913531465,93.81195762732858,65.57569817182394,58.393349989590476
693,11555,58.7628365445832,50.6398347552942,69.36367065101557,57.95858478485672,89.17312190597362,79.51137710976555,91.71549497584967,90.03889009198191,63.211099739006386,56.02749321902577
694,11572,55.60594298381623,48.14321088904643,65.96729780765446,56.0177895407405,84.86344886075638,75.04555564091385,87.14740788751357,85.53577571264046,60.89302670310805,53.503100251979184
695,11588,52.131489986321185,46.6094270388593,63.21031206939646,54.22328246649073,82.16385107306535,71.8823041270059,86.36610541040527,81.73908215550155,58.23028355812296,51.151124315590486
696,11605,49.20645134927408,44.10062361864161,60.567135388250584,51.46908288422002,78.88486820891481,67.58654704782734,84.58849956445178,77.36109377775102,55.39185050323083,48.560458804385554
697,11622,46.588964883470126,42.723104659987925,58.781467493380475,49.051998412367,76.97895979543523,65.96713987481215,82.65450175334834,74.3988863818077,52.459137149492975,46.4432401923659
698,11638,44.04898744630378,41.88149540539266,56.582129653405836,46.466186256708106,72.68071693323135,64.62697763397335,79.03873489955333,72.52752360828083,49.51636732983708,44.69157232238559
699,11655,42.337503975064095,40.49526412576933,54.183105022736584,44.58403062227371,69.00692400322075,63.08656065614373,74.7662125121659,69.70286646959877,46.86267952808666,43.16198296973017
700,11672,40.82760535180619,39.87863993148695,52.35647855705045,42.43088826256816,67.90159454189185,61.19816313465667,72.49758948482976,68.8260900565123,44.60190260118365,41.815825548255695
701,11688,39.17772615253667,38.508682060543045,50.49417358715674,41.11811101596652,66.18412801571118,59.231317608154875,70.65791382623046,67.25770843181095,42.59615756183617,40.697437236635984
702,11705,37.97548137200694,37.31555596439146,49.35591624206443,41.956730191146825,65.54357486917326,59.763387168883554,69.9949329996258,67.31667676078725,40.873460859543535,39.61592749751669
703,11722,36.67016448637276,36.4867484206316,47.96835193009146,41.82513129388708,64.34126036199252,59.16047866633289,68.05742279986596,66.34192718141554,39.39769626755733,38.536978100564475
704,11738,35.33016424332241,35.410963626999134,46.66170418808481,40.298257584969754,62.84091402345177,57.43730550588189,67.32407224201503,64.7010008772267,37.99622832120899,37.52011800081044
705,11755,34.85372140876998,34.9459992641774,45.72184661680409,40.16597003721576,63.054234058762844,56.49008677146264,67.853576425425,63.55909599974972,36.801451532601746,36.533589867348525
706,11772,34.4926280702452,34.15346744013921,45.395538756708916,39.98729197066946,62.67141912034584,55.913582624461924,67.82150213929538,62.92992289220889,35.86443191614346,35.66254694326776
707,11788,34.221588272477526,33.401635809518844,45.21564811603269,39.413264475396815,62.93804400335725,53.91698604089009,68.4385707568491,62.03358470276667,35.11365329623757,34.87976291229323
708,11805,33.70645495219849,32.62558475220734,45.07391529673816,39.19920058051787,61.594137103129036,51.81945917371188,68.28410081928004,61.64896013098961,34.52091138940272,34.107530178608386
709,11822,33.45254531619712,31.617556931242465,44.954737012119885,38.23335951505999,60.253517832056815,50.137837139019524,66.86275794086639,60.34016027088278,34.14538760397767,33.348848839457055
710,11838,33.51495918869893,31.81153344728535,44.65999921713419,38.052788431434514,60.60052677682135,48.117346726257665,67.0744848131535,58.9370106201932,33.87763515996345,32.72195567607864
711,11855,33.89194782113188,32.14948113400584,44.557885420259915,38.5020336136917,61.04977597737492,50.129670398196396,66.67275285654657,59.588733175831344,33.757499110140785,32.321158414851965
712,11872,34.325247460415966,32.93697717607794,44.908671065839904,38.43807614445401,62.14666951209541,50.339363277804985,66.77867477437675,58.423053015969685,33.778230947728474,32.22822668816379
713,11888,34.63576754118274,33.66334494216928,45.01891471257217,38.90672529360908,62.21710094514729,51.67648751676894,66.50892195116253,58.33591997853457,33.96409346552532,32.43577872615618
714,11905,35.18187633895879,34.23010738327558,45.58110842102856,38.78312742621207,63.04221106103239,52.48238763680008,66.9242362775614,57.86597606094844,34.30995967007766,32.9582888165628
715,11922,35.78808619900712,34.87908252052866,46.13293796611547,39.49598445226968,63.82664066276013,55.63849775663892,66.85009518336346,59.48836863282386,34.7645850721393,33.571798631211465
716,11938,35.99418986553232,35.4251099543799,46.71484108654538,40.0920609240393,64.57220169333365,57.08342360065964,66.5894292479191,60.352989898552956,35.18503348101938,34.226924395286275
717,11955,35.96844828780579,35.64455808357569,46.907605049934205,40.38995829891436,65.17278886988218,57.37555341104677,66.67692981655527,60.91611777824722,35.51367364649735,34.76844057678583
718,11972,36.8596515923008,36.49307431593629,46.79088071835732,39.823012663585935,65.5147524081067,57.52301706527878,67.13429072104346,61.30592245835894,35.95845045672096,35.334386451539224
719,11988,38.0298572682348,38.29934359965321,47.033507855509995,39.82356392176111,66.06815346213195,58.624091461246046,66.84959653459362,61.941903154825134,36.528046642576165,36.14823369481475
720,12005,39.55711086527401,39.86791909177034,48.54900566736881,40.6903225157552,67.15511348773568,58.57112714059419,68.02490729040625,62.9815582444805,37.28185157582954,37.146001009063085
721,12022,41.13359594646704,41.486244049832635,49.428797298120664,42.37094807220889,68.1731754852178,59.434249617603925,68.02256366803638,64.452507010188,38.30973279201649,38.35822782815363
722,12038,42.65205438692363,42.73414071881848,51.24649225434806,43.67442569667793,69.62198958039714,59.26835406540516,69.42059823080075,65.06534359166231,39.646454011840056,39.77614435520219
723,12055,43.574344140728215,43.613280737789935,52.89347386728223,44.72196065277016,70.70470516227572,59.65847354956015,71.40760074574473,65.56752114876161,40.98939252152554,41.20018563957292
724,12072,44.42769224088737,44.77485655135239,53.87725109668762,46.6779002355128,70.93925054213783,60.72881446298437,73.04600776934768,66.48853274111165,42.26895951605606,42.49528822991276
725,12088,46.5119768080889,46.674015148579954,55.85764775511154,49.24363752151698,73.98120352051221,64.19658740750796,75.97927080981026,68.53768732751332,43.65993270461903,43.85650744127467
726,12105,48.124010009358265,48.275427664761146,57.66726838806669,50.98885021529526,76.20374848392787,66.7478996593365,77.85299777352228,70.41819902104058,45.058015517197276,45.214344164260375
727,12122,50.9648392457979,49.95173753519771,59.68954323920157,53.756383859901355,80.62622491705162,71.34806364589265,81.39731304717635,74.64596400637322,46.72057248897213,46.65786352753622
728,12138,54.26213410989383,51.83331712382458,61.976366859980516,55.40798071172923,83.5140059491795,75.49294012823137,84.05847900954709,77.91685404823262,48.85813048280525,48.30187080474315
729,12155,57.56192566467056,52.958659676587274,65.58093994629692,57.41349479087691,84.9741248477633,79.26742863186676,86.5823990677674,83.57323728496814,51.48497716756189,49.938631429790135
730,12172,59.88482305716364,54.30415262919977,68.75304498204812,60.168419234500874,86.98100486230338,84.21008901862723,88.58198726580619,93.19159676727048,54.15954641737684,51.464658925914094
731,12188,62.26476394751611,57.30646959130133,71.34548774078472,62.931853237627536,90.60536768923495,87.52952253836698,91.53158243040231,98.00181144244492,56.98769720500841,53.270867311222126
732,12205,64.22825921206429,59.238814895861275,73.21199157449814,65.24553228833688,93.98107303213291,89.49891209424014,94.49055642621886,100.14866255460235,59.640381198261686,55.128282783354834
733,12222,66.31455458073296,61.66926857164744,75.56342824509288,67.49768253590143,95.40834251280862,92.20884132345876,99.49722816914489,103.56181880110172,62.05086529242951,57.09547307291941
734,12238,68.0997789046714,63.861277686164556,77.71306391675382,70.06413461527286,98.19826606668731,95.27176359837746,103.79272652098776,106.5574001346994,64.15843594042968,59.27599667483487
735,12255,70.13097307182797,65.89050485193202,80.1970878222194,73.36491082698709,99.18973563316382,95.34815028211493,105.34403600428705,109.13123416854096,66.20766594336254,61.59326711938132
736,12272,72.44772869150687,68.2061143967405,83.04378729206756,76.29245252881461,101.5341412504695,97.53394975560559,107.46104118344448,111.97647558260675,68.24425889216069,63.77319608046916
737,12289,76.64741551040035,70.70474032448334,86.74762136529533,78.90324579922314,106.48215409615985,99.83689672045216,110.67258541099042,113.8870761618843,70.7280901518279,66.06638116619357
738,12305,79.0602996816488,72.81090165433052,90.45385511061293,81.45408179262331,110.41527366600018,101.0093968969323,114.85536554303128,115.14703184766968,73.27723917201106,68.29470778273017
739,12322,82.82392059445392,74.6413656260457,95.0041254846123,84.31509216744627,114.66098363614248,103.4348689892044,118.36940834992609,117.03214688694479,76.22206750996757,70.45072537070641
740,12339,86.93852848266498,76.43518497979913,100.42163933137417,87.69147706957479,117.77099359864954,105.42111596686148,121.40682752928961,120.50154298808972,79.58357859213498,72.55966139627984
741,12355,90.73542963884556,78.27279824861826,104.58741084471211,90.13553861585302,120.15121006030091,109.09029867958884,124.68017454388651,123.94380471347925,83.24111878160272,74.57299816665538
742,12372,93.87599562774867,81.88399246738749,109.22384508558596,95.32573145998808,123.4525700231906,111.91513654116218,128.4318359996403,128.8222231503389,86.68683480507238,76.80884859523621
743,12389,98.57250338085781,88.83033826336968,114.28739162918373,101.21285352273658,129.73772837727708,123.56159282529367,134.32861819200915,134.9647722669079,90.5892755449142,80.01273591704405
744,12405,102.19053624198843,92.75684175451242,118.71204649635888,105.93106099326495,133.1420468114502,128.33222979273847,139.6472436428735,137.91978635085925,94.46259867442109,83.6358311427374
745,12422,107.24195063129065,96.27870623870314,123.79919530958703,109.00291061400958,135.79528883982147,130.97391915835456,143.8247917793839,139.87389545047213,98.52328310414622,87.6045353945182
746,12439,111.88347993727244,102.00853245615944,129.34854557993836,114.72512806694773,140.35826725696873,135.18725226465045,147.1619506195813,143.03039375517096,102.7528931638316,92.35168223602645
747,12455,116.63550431365239,109.46379132654268,135.70110815450641,122.98377542665372,141.53922262315083,138.17294602142476,150.7908297932326,150.07460720735602,107.30479490101234,97.86764200785747
748,12472,124.6244443117658,122.36079145828187,142.86783722191768,134.359455859112,149.56088575900816,147.03456926473075,158.18606899857778,157.36867231024752,112.51518308719395,104.5737326468399
749,12489,132.08550522670998,127.07109661385742,149.45077004595228,140.2056477555893,153.6465569535598,150.8021461097725,162.45782396770284,159.85508103308493,118.49417688413826,111.43658361870891
750,12505,137.5756834246081,134.86463266161027,153.94320239045,146.69220999420432,156.43122485139554,153.88733080741136,165.4608638653486,161.73412685736818,124.56092344280174,119.15376890329034
751,12522,144.56067544608717,141.54062874303528,159.9908348588904,153.55635117538705,159.21847958319498,157.62567836126226,169.53518488829272,163.83708493074457,131.09636254456467,127.0601881606655
752,12539,149.28221374220482,147.91555431657108,164.03359169860065,159.27410394892203,159.95621989626846,159.945136676166,169.6137122720084,164.65154179289462,137.62570443027516,134.75054075867118
753,12555,154.12975281196472,149.93402362232126,167.67592400113668,161.36521009218143,161.44433517239813,161.60790251191779,170.427770385208,164.56597852215984,143.52676613031497,140.26518719147907
754,12572,157.18467033694807,154.34603714979923,170.28504162407756,164.19412760329814,163.04397673009882,161.88541390494512,172.66663148641283,164.6000574967653,148.5465991523626,145.72017529866744
755,12589,160.63670013920648,157.7208511642292,173.13097232896672,167.230696720789,165.62016550104295,165.7787367218711,174.00248820665362,164.33738803137229,153.15880249528226,150.2914189991912
756,12605,164.02990271535288,158.69108549731266,175.72909882168852,168.58341840795507,166.18375213763807,167.67676927298174,173.99183554953885,164.0121523297043,157.0526479491354,153.72151035004669
757,12622,166.00040892278574,162.9514145658156,177.9444782203019,171.3731055661213,166.47943610053997,168.46589765833374,174.56645827372057,163.72248008149347,160.39628698525158,156.7286823998956
758,12639,167.56381159668427,164.2962434945659,179.9938910239179,174.47419492121304,167.227835749459,169.8774496103283,174.92443513912582,163.1534837981323,163.0830987421955,159.60112637434455
759,12655,171.1316415870615,165.64310605498915,177.81303796349854,175.28629271356695,167.41146298590147,168.92187147984572,175.09506262885063,162.84843350646068,165.87249299221816,161.86054015538252
760,12672,169.7876890516795,166.21524742840353,178.02698536814023,175.40953154104324,165.7087475466568,169.73117055098376,174.28339831228828,162.23277653629765,167.7026907747128,163.5594194082174
761,12689,172.2346124118874,170.26987741391622,176.12219198023232,177.7598207737035,166.59065716319103,170.43980578183675,174.60919693890736,162.01735786684884,169.3436327140197,165.87517779153808
762,12705,172.8354291703464,170.27888647997418,175.38300255330486,178.0169285221926,166.6351799537939,170.85090587988745,174.3494835330657,161.83305884419664,170.7106367635318,167.3406721743698
763,12722,174.46999096368015,172.33448361906719,174.25558264570748,179.43544791824485,166.9667476282284,171.45118639173728,174.37827633066186,161.48518214013282,172.091872636931,168.94832019927006
764,12739,175.9659991789766,173.30352863704596,173.44875454796477,179.69656777109205,167.21262117477397,171.44969031910907,174.57233278486845,161.37884376377949,173.05874415531403,170.4804047156814
765,12755,176.06132319702238,175.14357372637517,173.26715914709473,179.0273382229032,166.96736983401573,171.9703543974542,174.37196847772773,161.15837699709138,174.3134709843826,172.26606997527574
766,12772,177.50191940007292,177.25743357217357,172.6297978369356,177.75741930112557,166.75813383672855,172.43854184790143,174.33308954404052,161.13656450037305,175.36693238201968,173.6635812069272
767,12789,177.32038600641712,179.3207601414937,172.34744383213564,176.32331999547785,166.70479122141035,172.80497955336764,173.8672564627613,161.04025563397343,176.2639237492338,175.47195593923112
768,12805,178.791340352348,179.6669264231624,171.6520216388205,176.03484923595133,167.03147620677413,172.735740052139,173.91006194208128,160.92244583029338,177.1281936269674,176.93844450005014
769,12822,178.24233992924871,179.98382360720007,171.75268040400667,176.25707592673737,166.80623619447772,172.73750488707222,173.97110715831639,161.01159859331946,177.58346177702182,178.274503494081
770,12839,178.4955372030929,178.63304716168304,171.23150842459253,175.61577916073043,166.7975217841275,173.48490298610903,174.03381227550003,160.6856637945968,178.07030457823595,178.97239818114255
771,12855,179.55816022534142,177.77827781919603,170.42906459281696,175.23792793249515,167.09840204513029,173.93667143401456,173.97736354548846,160.68898569176815,178.48155274328965,179.07656703054704
772,12872,179.54567943916632,176.9833939064028,170.33080008905827,174.8335961063159,166.92403307210435,173.71804320650855,173.8452394810636,160.25938889724543,178.92661142983948,178.6090937835289
773,12889,179.97883133373998,175.11445982861176,170.07055741444273,173.41337750219324,166.76752670176444,174.17540812534222,173.90132103420427,159.90439835850634,179.16410962611786,177.69860046461875
774,12905,179.06130779290442,175.27248642843423,170.2745545049331,173.65230237611806,166.36160300568724,173.9755355101278,173.68332880140048,159.8131900212181,179.32790319884901,176.75633302886558
775,12922,179.3525715898368,173.91443595846405,170.13662375436706,173.0166563100523,166.33054135729816,174.11195407387677,173.6301858472681,159.70209326533256,179.4993100761978,175.81261078822178
776,12939,178.77176386144595,174.22217951254086,170.24947874450422,173.13753080383555,166.01339642174725,174.19691604052625,173.3343515962247,159.4352059765994,179.3420308034187,175.10139112689075
777,12955,178.56548339412217,173.20173919887864,170.30464073145419,172.67845197802998,165.8127012381286,174.4164638998552,173.18236628923586,159.335123602869,179.14599159440985,174.3450601853859
778,12972,178.36147521913225,173.51743784014963,170.2719834900902,172.520049613292,165.855740965091,174.7771602634099,173.1416159843447,159.28565049735326,178.82252037148834,174.0256557876935
779,12989,178.18619212702995,172.97351233677622,170.29121023170015,172.17356449901717,165.79741010780813,174.96109313347623,173.0104495298333,159.12711330965803,178.6474972383134,173.56586096936186
780,13006,177.94149974505902,172.68641077352714,170.47221211604716,172.08050945254186,165.99159033952944,174.79352890057763,172.9970024603661,159.18362951432442,178.36528286935786,173.3202559323745
781,13022,177.88133852431724,172.81734107504036,170.42201605328125,171.9459288966219,165.86246811202432,174.7821884305759,172.8149822594497,159.13978645633594,178.18719780193211,173.0392882448744
782,13039,177.6765733945186,173.03875770620235,170.5515874207864,172.08425107561416,165.880448154919,175.06089795181353,172.49259180351544,158.81707529021983,178.00941580201143,173.00669194633912
783,13056,177.6182499427249,173.30292529244284,170.59484937924694,172.150349524864,165.92741974382798,175.2869710830738,172.4040155816524,158.92682616356038,177.86077074672994,172.96378943679778
784,13072,177.6017482917029,173.33210508624398,170.61436526866038,172.17746817882488,165.84570600773725,175.0938500736074,171.90654632245142,158.68004160504756,177.74388197966454,173.03550798669136
785,13089,177.44133529559255,173.50348499950985,170.70805878864454,172.54776435442656,165.76354817700926,175.20760788694878,171.95554046679587,158.7352765774152,177.64384908977127,173.1989228318879
786,13106,176.3671574242368,173.8579136172742,171.3608082559452,173.3813317697553,165.80957010425854,175.20459259864873,171.9585666760054,158.85754434172412,177.34101286975516,173.40703734033463
787,13122,176.15510117614588,174.3283712678519,171.53922377083973,173.77404467153386,165.74749013893233,174.99634120781485,172.07295344094499,158.8928015921111,177.0367184260806,173.66496005266455
788,13139,175.65080664467257,174.62169822859062,171.80550642614327,174.06311376336984,165.7081812803503,174.8150057896622,172.03983992224858,159.00930918247798,176.64322976647014,173.9287146398941
789,13156,175.06108639636824,174.86984053332793,172.19742026472005,174.22895412774938,165.74251897272137,174.72908425378375,172.13814488547786,159.07356040114496,176.13509738740322,174.2362617293109
790,13172,173.5276239559543,175.77409813458004,172.97849593047965,174.81247540027667,165.68281805550333,174.66837333813118,172.39749138348054,159.32073472047836,175.3523551194756,174.69038435632496
791,13189,172.020778626441,177.06880839334124,174.0120903701517,175.61615480867485,165.6626536212299,174.40308026389076,172.61836739103552,159.39055600161055,174.48307935991642,175.33256331153834
792,13206,169.84175542486784,178.11993354906903,175.25946161861557,176.46734619568585,164.46215739559128,173.96855992037138,172.03776067173905,159.54259896983476,173.2204102096608,176.09087576778177
793,13222,167.39243556946454,179.44426717373642,176.85156212197876,178.0127668589375,163.15092683123606,173.1515838144326,171.71174581920957,160.04119776723041,171.5687359946192,177.05538955681092
794,13239,164.1135514201768,178.87178377057018,179.31564599304468,179.85536978371724,162.1314508864576,172.88558329066228,171.07102288568012,160.6058132425228,169.3792289993809,177.85577820425937
795,13256,162.08137952913475,174.9686897907592,178.7707065368103,177.35261657460154,161.6849008634547,172.0765819853744,170.28159874025636,161.54953617292864,167.089980114017,177.6946965354952
796,13272,159.2324468770604,172.0325170443739,176.42546745951117,175.3784355420347,161.302185403756,171.54428283317864,169.54454945849724,161.9899343212282,164.53231376414087,176.68743826570173
797,13289,156.08627879782773,167.2483519860337,173.24846924563926,171.47162301703716,160.840068941611,169.27368390682145,168.5019960025731,162.36937595178978,161.78121843873285,174.5131219530947
798,13306,151.99474122965748,161.70524620213357,169.93842954113086,167.17486233268562,159.2566483305591,165.8281810292969,167.70791805388095,162.716758535434,158.70167957077143,170.96531775877412
799,13322,146.80346398458354,157.339011086323,166.03975927409343,164.19205385636502,156.81325779325343,163.77450379457827,166.25678701431232,163.22018311826557,155.2396620836528,166.6587632219247
800,13339,141.87146033631822,151.5622213864709,162.10117797041292,159.7875463412154,153.81225284253816,160.93164763708648,164.03322678384248,163.18538504367908,151.1976782450895,161.97746954106702
801,13356,137.43527517963577,144.63991267006648,157.98098198604683,154.6051844197083,152.27399440173548,157.4888949132673,162.09845656637037,162.7311366086051,146.83824390560457,156.49894866620554
802,13372,134.25876492849946,142.56765411080713,154.8222344733457,152.28620579433502,151.47913070041295,156.73997947120628,161.13966430541825,162.48454319697754,142.4727411317389,151.5628090911602
803,13389,129.8062457236001,139.59429170306333,150.79554387892688,149.53676910668688,150.4755736282503,155.231965506498,159.53373043303506,161.6541210413355,138.03504203052742,147.14061819134616
804,13406,124.42383186088715,135.7266136630845,146.8985121768559,146.3033775197395,146.1251633061812,150.64553129282598,156.82540029111007,160.9554191128535,133.55911560578812,142.81813870669845
805,13422,117.92899177642632,126.25454425117088,142.1129794714216,140.0564231288866,141.7937138542403,142.4588842473853,152.96594520704053,156.8802299203853,128.77062189380976,137.75660327963845
806,13439,110.97323435866795,115.70399036547467,136.22074763725175,131.40473156693795,134.03218890740507,134.4825822288223,146.8229980340514,151.97320887907074,123.47821372961619,131.9694188187201
807,13456,105.51412711375065,105.86943077407112,130.8529152336425,122.61288332720964,132.08022968311153,130.249038585489,143.0179529916833,147.3048240319563,117.72928616666643,124.62977415137291
808,13472,101.73685324291672,97.74891982233945,126.33395463706992,115.24893042490534,127.04933778031254,124.32259692152962,137.47211411373405,142.02995069854393,112.11540767052975,116.26069977522813
809,13489,96.52767032139113,89.96788480280377,120.49271224834104,107.17451833118544,123.3855519844178,113.46646636686577,131.99493337701503,131.79927878863137,106.53617536263054,107.10895400317197
810,13506,93.51242535710695,86.19211454242023,115.63840686053692,102.03956590093274,124.84542813967144,113.2519938345284,130.1671619591127,130.00202997483697,101.65286207876667,99.09646806142185
811,13522,87.09874820924914,79.39326591669914,109.64747125572481,95.48347551202642,118.02003396217823,108.89380086060744,124.24324373355194,125.47191395691844,96.87796484888293,91.83432317166674
812,13539,81.92903218052608,74.0410767774647,103.9694256993158,89.97685247065023,112.84900896882833,102.9905137131484,120.58479146059143,120.96374235092627,92.16094586223801,85.46865237234546
813,13556,77.98974640028159,71.96886476266774,97.95193539183103,86.44139847271806,109.55907566716031,102.77812957187037,117.27438988475791,118.23162729053782,87.41152449371097,80.3126413604111
814,13572,76.2820141337353,69.80661938470033,94.0016238366736,83.08717410494471,109.2595500975732,101.60137606993743,115.43009695382129,115.1163460154695,83.36239325617981,76.28038827679043
815,13589,74.29580032352467,66.36387949570751,90.27233247060252,80.39220175152215,106.27839234058722,97.86871879880152,113.57463161561358,111.98011294182787,79.51906824946336,72.31474126744789
816,13606,71.4919656336776,65.2583097278704,86.06751571940198,77.81765694413131,102.80444393402162,96.09812594194099,111.27338708645826,110.4149205876408,76.39771173434904,69.48775002968213
817,13622,68.86630434333075,63.40769926857532,82.0116347281633,74.71633159613904,102.06359197217158,91.19788670513054,108.3105122879241,104.72876563058048,73.78516616690999,67.36107452790426
818,13639,66.29308627815654,60.8615135011095,78.62151991510294,70.89906149240893,98.25200879647744,88.84886830422408,104.71377212313895,102.11794158446214,71.44583414248497,65.13960427559262
819,13656,62.59297821096514,57.10644593657482,74.9451735208029,66.31076155145398,92.73149607077457,84.45444295811319,99.91378767268435,98.58014248590156,68.70802695793094,62.5995695859675
820,13672,61.29302090751443,54.91243955776773,72.50194907438966,63.39051286311377,91.51652462145533,82.24720706199957,96.22948703456179,95.81806245713132,66.10747107472889,60.30928159837956
821,13689,58.95716450958326,52.45399176379315,69.69049954429107,59.312671097055365,89.20595859387052,79.84013781618323,94.06355261069169,92.30311906138692,63.600510849910016,57.74841800556411
822,13706,56.96797688873837,50.55974320327303,67.03752190236601,57.21388513530165,88.65021270618105,77.43365218498468,91.61135738836867,89.63495323281185,61.220845358991554,55.17882679250365
823,13723,54.95076803258263,48.55574248372468,64.9191840830103,54.85617775111802,85.64394043472299,74.35549085872363,89.34606063160135,84.3722415466815,58.952381709876775,52.71767258902668
824,13739,50.45759761812649,46.68895610813747,61.33920689467959,53.238913634853894,79.86277652803422,70.90343110997829,85.75751816682552,82.14218991342145,56.52530559130904,50.63417462333921
825,13756,47.84813674547226,44.439576602814796,59.00304860539229,51.34975531573443,78.13291965043543,68.8737509125793,84.14720011332786,78.52526605160159,53.83632875890059,48.539602032348625
826,13773,45.662596456067604,42.807515753847134,56.62984968307532,47.98729228951262,74.68377616062942,65.24827890367848,79.93490949424844,73.47926027923543,51.177415148197476,46.61030683035942
827,13789,43.99975883966625,41.378581861471375,54.249304237485454,45.37695532422341,70.82993050945505,63.26504486215002,76.3406861011272,70.6407089980359,48.58377153838305,44.774074561999086
828,13806,42.47364082193555,40.352983064395964,53.077492028094824,44.03203565293838,68.17894224817917,60.35490544699174,74.6803215333985,68.77372499548424,46.08834609625363,43.13352267813335
829,13823,41.14244944677275,39.29908614617147,51.19076010640311,42.953202681328065,67.7608723659791,60.93406417760608,72.21246886568187,67.44920962733221,44.225316461982885,41.65554868574016
830,13839,39.947369283455586,38.16874381108025,49.704415585903746,42.40477230007477,66.7349665257039,60.462797913179664,71.63568743337268,66.55163495411948,42.645162969579545,40.40138212739324
831,13856,38.84429235845268,37.2639651521025,48.28694290560007,41.98199608304414,65.27528976534856,60.547725653447976,69.89689933717096,66.0433140754224,41.28150215005657,39.29267200704432
832,13873,37.377928587618044,37.32318131942281,46.65222485035564,40.95591452273749,64.08390780431357,59.94243966323128,68.20897332340913,64.5185219390336,39.95713609964692,38.4815918986346
833,13889,36.430831767183875,36.36355521543122,45.59105926955201,39.752634427714945,64.8317579219232,60.249297085010106,68.44082479672929,64.30402305533123,38.74857428869658,37.68370632884165
834,13906,35.61670854016222,35.25014082706553,44.777607575243124,38.82346832474619,63.859655838475085,57.80667186203506,67.70463895526544,63.291681087032686,37.64342610737448,36.87391726502047
835,13923,35.409091976143166,34.63970731844679,44.34665437132393,37.94756063137578,64.4049726818926,53.54252761795856,67.47339591010912,61.42245328720157,36.735770645912,36.168109966493766
836,13939,35.07491692500763,33.55987130421615,43.981311488139106,37.78220617142495,63.411857624706954,53.39078739961222,66.4491685222378,60.71419695144352,35.981895559222984,35.4272911969165
837,13956,35.09536026199319,33.72205306360952,44.074518302992246,38.07257337623684,64.6484096722653,54.04393005287432,67.56444655307232,61.31049292972923,35.52538189409801,34.70706554575385
838,13973,34.586577846789325,33.32059168793219,44.00675127457216,37.938834944844466,63.80908306197723,54.20773560298544,66.02984419232418,61.08470943564069,35.15653111001912,34.09847284025404
839,13989,35.294557024760095,33.62930112780727,43.45912137387979,37.71351885598108,65.34545456754225,54.129452806323755,66.140988492873,60.079472905929094,35.092100806938674,33.774304900402385
840,14006,35.879675916553474,33.975267377534166,43.52130071210834,37.38504152524299,66.5983033408921,55.26447803251989,64.37736775249512,59.110922469562546,35.18621759502074,33.64141691221986
841,14023,36.36064626564273,34.03283724403534,44.016943736764425,37.172679111023626,66.75137425979307,54.536697292058356,64.04603294718378,57.58666780935807,35.44336346314776,33.7360101001837
842,14039,36.85630672544743,34.48433322856441,44.463498050669315,37.30020359356683,66.38981353136522,54.43988431790523,64.61285375801971,57.74291748790704,35.795552755838614,33.888466133174674
843,14056,37.19532524244669,34.99316926598782,44.36963556770881,37.63524038664892,66.51762739522333,56.17050915321854,63.94287753210594,58.69228172334499,36.317302234970086,34.2229816487858
844,14073,37.92153573919222,35.63050556116226,44.82348056414289,38.02595848762413,67.20873727298336,58.29174118138331,64.06011779994505,59.993290862671316,36.84269797785651,34.623222535456804
845,14089,38.33102663039255,36.02566843160838,45.112672010991396,38.66898232385115,67.65711156904068,58.9516928749853,64.37205252379766,60.48949499899295,37.33296812062433,35.033302746271644
846,14106,38.29738321231004,36.139921560227975,45.012214928353764,39.38568122625287,68.08549091305326,59.442842925632,64.91391917058529,61.08446815485412,37.720315509957786,35.45471960951017
847,14123,38.80465986504021,36.77646456034158,44.442535278751635,39.02509348332618,68.21400285572501,59.31438407588779,65.3332296558972,61.443908934293894,38.10998613787634,35.913145875865595
848,14139,39.80591063840849,38.58294447298913,44.646795370408704,39.391919633933945,68.93139119268066,59.09854588734823,65.33384558722071,61.66342476731877,38.632103217068696,36.63110091726587
849,14156,40.89974347146567,40.12666645860562,45.63414083158027,41.278374917253714,68.9730594131552,57.932471345988674,65.39449430115994,61.61365185056815,39.22774476352339,37.53033309675454
850,14173,42.20429816440811,41.73719500811776,46.93497313099737,42.92336995543323,70.08885831513034,57.93431292817617,65.46011006860344,61.54909665050137,40.0023990703265,38.672638412056415
851,14189,42.6063007278824,42.57188845165617,48.66866698197924,43.89450182099846,70.99683014701131,57.489540895300216,67.2638113012205,61.838671326397446,40.86418257344097,39.95903179034205
852,14206,43.91781123339416,44.48842597446655,50.563471729609596,46.312208720936724,71.96835993872769,59.25040746936397,69.0639471228796,61.983664208814645,41.88681284711176,41.50142407316705
853,14223,44.73119977985686,44.91782759672663,52.04525708433339,48.18628310589839,71.71592525895011,60.057111351582414,71.9584092509513,63.202406023127985,42.87187067540144,42.768400697914544
854,14239,46.42805640056714,46.15686103810838,53.74043794034455,49.85667060892729,73.83449591790664,63.20847800452218,73.43406531068236,65.48414826045153,43.97753326122173,43.9744396138151
855,14256,48.234997957142724,47.645659175241775,56.2936960271856,52.35355886475878,76.42060110498554,66.26019775868312,76.94237029800212,69.00755808044319,45.18367321976866,45.1561324472399
856,14273,51.24258936594705,49.69070534618533,59.155149340918655,55.47858311816244,79.60459714336433,72.00394617490319,81.14070151490485,75.37911700432566,46.91093094738159,46.57989582614574
857,14289,53.801673752523264,50.875281515858525,62.18902861618967,57.66190195526125,82.01742718468633,75.98686709341357,84.50077926401893,79.90407375703303,48.88770345120741,47.857266934424125
858,14306,56.77442182213585,52.842384071108405,65.86149574815305,59.79725327736238,84.75938114349614,80.3263461194225,86.69648249802454,85.38860694719428,51.29634785966321,49.44217822930048
859,14323,59.88007675495581,54.87479208327139,68.69209368979958,62.054908480364006,88.00095239982265,85.66877133465255,88.77183824155217,91.66401372249604,53.98675193054093,51.18576443833308
860,14339,62.59473299258818,56.49875383164299,71.72468544685853,64.11921001200345,90.77978957119197,88.6306527779881,92.23254832587341,96.7892415318179,56.858698937630024,52.956383369613334
861,14356,64.44327847974552,59.235086991220236,74.3191326553842,66.75040623751174,92.0332120759076,90.25213747459524,93.39675096319331,99.77973964699987,59.49883676038972,54.86525969862031
862,14373,66.03484426980486,61.535890768142835,76.62838656757826,69.8122145709638,94.72151825660765,92.54129656789036,97.70659172763978,103.60024053601748,61.94547086384605,56.99738154907717
863,14389,68.24220681224591,64.32822548377867,79.69272212804296,72.83664685191314,96.87095746450956,93.61622902642861,100.70469607694936,106.48214420820986,64.23902786186805,59.294549831611235
864,14406,71.02906896009146,66.9695128431317,83.26209031302527,76.3407643455364,99.43233026325538,95.724955815522,104.60530520525975,110.05561062510313,66.46882630289518,61.71349398358329
865,14423,73.81154951832917,69.09370575186463,87.4333759002569,78.7169103628668,104.88699069044445,98.9091908557321,110.62797068871186,113.60605071881277,68.71218960804339,64.23248436762762
866,14440,77.16523996608619,71.24961075576482,91.2475117565892,81.43846732868806,106.76678748260645,101.19683370010296,112.66837313321552,115.04721606214117,71.25658190531152,66.63538912053653
867,14456,81.51302571131481,72.01358569361271,96.37888646242517,83.14341588708629,111.69108013213774,101.7793913170697,117.2318346282473,116.60935737803264,74.35221819361351,68.7309281056305
868,14473,85.48443299678155,73.72232022809423,101.48963937662239,85.9461028497499,115.15986587076057,103.7032043777484,121.94740074154329,120.10326107280835,77.80066343052064,70.60974705449362
869,14490,88.15704527206773,75.72595343985965,105.18230639963187,87.98251687343254,117.2055784961628,105.79104773480663,124.55168998221308,121.66465516205893,81.22625869291589,72.36103517383921
870,14506,93.02097439546188,79.99282563093985,110.48670742267208,92.66155473150789,122.84016272224542,111.41505167388111,130.27561330960225,126.76426713038295,85.06814366834242,74.54085914965427
871,14523,99.15964925517572,84.66326299445362,115.81758392816772,97.44956079306831,128.86545599842827,120.70325264785846,134.5062497109282,131.2025061465063,89.46702552616034,77.22358959739202
872,14540,105.00929123918854,90.94443782377033,120.61365010899932,103.31069678291954,136.07808344692305,129.95198423570722,141.1948901682655,137.6439265805253,94.16627863173508,81.00976002342352
873,14556,109.1564863715185,94.12954870927139,123.87680629062424,107.16575980224431,135.3187693936873,132.66655514954667,142.25575664484296,139.97200485769878,98.90068930668248,85.09120571965896
874,14573,112.72990607373443,99.77608370305718,127.4465974967191,111.8658330919197,138.667373758462,135.1082112800791,146.66161709303614,143.2767368711386,103.8152614670158,89.90123177229847
875,14590,118.02669154905946,105.76697429708841,133.4711193124348,117.52028071494976,142.70448968493187,135.44163806930942,150.91851738088386,146.2841447726371,108.81640489773534,95.05606150552819
876,14606,122.17271206588701,112.10887916487638,138.4082760264975,124.00184272812245,143.60626627091472,139.04864618952323,153.9779265991934,151.6531646275561,113.4190174598776,100.54518473961272
877,14623,128.80679973268414,118.20787965612207,143.8928813873688,130.78762423772102,146.69419744331424,140.12669943866226,157.99978583968098,155.9532646827375,118.1785191585767,105.99787310608308
878,14640,133.83796165265238,123.58010066494832,148.07065312188394,135.01506969406825,150.06249912843558,145.28755506552176,161.84705197628298,158.9234473636085,123.11481421480349,111.88798349721849
879,14656,139.39405735733945,129.68975543067444,152.3642796137908,139.48571404203383,152.26667415234544,148.19008551528452,163.14021475892287,160.90342118888532,128.44764447152448,117.87071784274193
880,14673,144.96121923693008,138.17148262778278,158.39983631554406,146.40715835729065,155.98955685010836,153.89745006834602,167.0863542004608,164.85860470631198,133.83455000909862,124.3516195088808
881,14690,150.91339817867544,142.80144619426625,163.303249508102,150.55518524517507,157.88386029078538,157.76415852607298,168.02148891489375,165.74116270101038,139.58268723165628,130.49013291475876
882,14706,155.8013563433983,148.24116309563541,167.36811739890845,154.521684803603,161.32348710650203,161.5730765929092,170.018093350895,167.1455270925458,144.98159855379913,136.49678960266144
883,14723,161.46580386290236,150.73217504940956,171.732937067944,156.72939861911715,164.30407710643672,162.40310320390188,171.98304112112785,166.67254709498332,150.5071669958491,141.9272044795537
884,14740,164.59573605728386,156.44243858909323,174.12365550633058,160.46337653446938,165.26778335588216,165.07704600156623,172.61246881578595,167.42803056382482,155.547502735838,147.27774111123745
885,14756,168.28028169809215,161.07716198268818,176.89352966795968,163.7556615039301,166.7674012020894,167.38658229968098,172.63671556593297,166.66246426197426,160.21131522807042,151.85887698221853
886,14773,170.03704896086674,164.7012200182885,178.12413727325256,165.75261284116974,166.8642659324355,168.4013815234713,174.46721721137948,165.38420669380366,164.03604538450867,156.23883174702297
887,14790,171.49338680354572,165.0879902818359,179.01553080285908,166.74934116234982,166.62222617880371,168.10683788112198,174.35590108146494,165.2342377041632,167.17445147653817,159.60819718426308
888,14806,172.82702636391903,168.38328357717805,179.83305793869746,168.461360772035,166.78467476699464,169.27715222066956,173.85116938763912,165.33973697623983,169.4466959767415,163.1384188898168
889,14823,174.54824212156092,170.32496259616343,177.78700283199896,170.77005017109843,167.1142166513379,170.438983780936,174.2471372618393,165.52248212877228,171.43719718959693,165.91492369123083
890,14840,176.91106730910977,171.32477809179585,175.46880950016694,171.588530347884,168.214282401086,169.5039345167404,174.27845941152145,164.82320109438646,173.16335431180042,167.96444691305237
891,14856,177.69364586128165,172.45169759687084,174.03954791655957,172.25216344386706,167.72637153442733,169.07786234156367,174.0492339862748,164.41460437400855,174.6946736918834,169.51454242876883
892,14873,179.12892323471448,174.28996765347472,172.7453533326557,173.22149491910528,167.8699538959448,169.1508893209673,174.1968174852138,164.20719566478905,176.22178097811715,171.35493790309658
893,14890,179.6525858633259,176.4327632787977,171.3571285647996,174.63829999832194,167.62074320523914,169.78900726119753,173.7889698682322,164.8357690060474,177.58689287799854,172.9648338434205
894,14906,178.75738162039806,178.2579358600155,170.24601150264402,176.09374335559284,167.54878299318094,169.7815711135409,173.46195686454178,165.49851101711488,178.42872077776596,174.5514284961909
895,14923,177.35143384960887,179.91253005866594,168.49811090847567,177.1005182294422,167.79766965387964,169.3892820251772,173.15909197140365,166.10225006720424,178.5167940858658,176.26897888956492
896,14940,176.32660305112714,176.46903133217748,167.17203522907715,178.68207436573965,168.4260213962648,169.71836096006427,172.68928576633965,166.38874721547114,178.2433855238349,177.07244563662624
897,14956,175.61077134305796,174.81729040043527,166.29670250401068,179.3728534894323,167.82045756744554,169.52508971170772,173.2122564820834,166.6467837191078,177.5397551455036,177.17791018601835
898,14973,174.90210790836537,174.56160942683772,165.12123075656137,179.56712979676692,168.432049681596,170.1546658637295,172.35793043387716,167.1527926424544,176.58965955451146,176.80367941562636
899,14990,174.79665258496112,173.0442324243259,164.29043293572937,179.50679211473562,167.9392000375451,169.82028684160267,172.2658176007663,167.01689336757008,175.7975137474241,175.76093872848847
900,15006,174.7761799340825,174.31487800612015,163.1893440942496,179.10658313655276,167.65420179532822,170.05486419201037,171.659116638819,167.32136937893307,175.28246296431882,174.6414083179793
901,15023,174.3367208943879,173.65363931175511,162.1893323071693,178.0900297744275,167.54533522951428,169.43156710207407,171.30645863685774,167.35664089013153,174.88448653297095,174.07832991389483
902,15040,174.71659755411378,173.45420317145707,161.68124619728903,177.81351205140916,167.43263267294446,168.95679808183144,170.54159460657954,167.3251575941498,174.70565177518216,173.8057124680992
903,15056,175.199770575333,173.52797653822336,161.2578633519235,177.8871716491009,166.70878364036298,169.1724920290034,168.64855349837185,167.86972857796835,174.76518430857567,173.59898589037633
904,15073,175.43833490193472,173.67985979519196,159.93246531675868,179.16306353561626,165.4539041182294,168.77192242940575,166.67109619527272,168.53866831114001,174.89352077197037,173.72611136454952
905,15090,175.52641832498819,173.48136766892853,159.48943850320478,179.37445534209235,164.66698346280953,169.15922369097333,165.88619552013378,168.68288926892743,175.04356845015153,173.55940929711122
906,15106,175.55292000684054,173.26921036346786,159.01039686752327,179.40149813461323,164.37638056146264,169.3207275790016,164.5974498315029,169.36099919065188,175.28680827264205,173.48252350745378
907,15123,175.74265443889416,173.35781752175205,158.82287068867998,179.3040729573552,163.98882160288565,169.67054833735588,163.54269642039182,168.4867798732741,175.49201964959812,173.46324637751277
908,15140,176.12896214924228,173.67169879500506,158.8397521012248,179.82555499578388,164.03411417039936,170.18452789639753,162.1535962995447,168.16220421161216,175.67785796437997,173.49199082886906
909,15156,176.09492240223977,173.66342355675272,158.59319596633455,179.87198130225872,163.81811413453366,170.77772256539046,160.7677110487585,169.91167107250772,175.80917546444098,173.48870358118126
910,15173,176.33032889755253,173.62623150357877,158.45771403880403,179.35617043447837,163.64372428434282,170.83291554313809,160.37846751338773,170.88659999305622,175.96995757895388,173.51767634811128
911,15190,176.64878488323174,173.9888833381622,158.6407485823338,178.96928966692286,163.64310301455075,171.04846059688148,160.25696919696338,170.3901069141314,176.18913055423212,173.66161094305016
912,15207,176.69205811710287,174.12702785133197,158.2857699401309,178.66008127375233,163.59291874836134,170.51234011134224,160.29330036933962,169.79164212674112,176.37901128987386,173.81545300896613
913,15223,176.90231730219023,174.24505444868257,157.81538927781202,178.05955961394508,163.55957171622896,170.76714834493066,160.65027605803655,169.84710360768514,176.53368232046344,173.93012413970163
914,15240,177.6380951586039,174.52691965063084,157.81258789172796,177.4396598097522,163.4972474017338,170.49121205937735,160.6406658483762,170.56542468992998,176.84231687173624,174.10282335847725
915,15257,177.91918998357443,174.4125536917849,157.6387271022842,177.0749779182256,163.5494168593381,170.02146931042705,160.56312428460922,171.63578993912324,177.16008908894065,174.26008779611848
916,15273,178.02531117579815,174.39153176699728,157.34649991338566,176.77011747695667,163.4009084545162,168.96311753254838,160.26634336059922,173.21638589770345,177.4353943474539,174.34061748188552
917,15290,178.22096881475233,174.24384668610674,156.9501179648842,177.0878585645145,163.31194149170815,168.85964849535517,159.76509087004925,174.2848613057712,177.7411764869838,174.36398124884045
918,15307,178.46912041545232,173.9145713005664,156.97787572417798,177.0676892559949,162.9977548032714,167.92792836393917,159.4230115382442,175.46484145038343,178.05453710963624,174.29788461921723
919,15323,178.96226864798587,174.05311934996064,157.77322892594674,176.73211894510183,162.79059512634598,167.22121938719295,159.2116468034863,176.4017055328559,178.3193718075126,174.2031245590832
920,15340,179.76794213571745,174.31134186563955,158.7940410038373,176.50360747132638,162.39984764207898,166.34287129430672,158.21486878613024,176.59025132113723,178.68912223794123,174.1828821938541
921,15357,179.3010093267529,174.57947850014946,160.2230181500266,176.19579976439857,161.6242189835691,166.04490942832197,157.7870784147677,176.66138346174392,178.94426186813217,174.22047154048454
922,15373,178.76002489460996,174.89223663696137,161.36263564385135,175.94048839454226,161.05068832266863,166.01674122901537,157.55293984772914,176.57752567013048,179.0520730841037,174.35014953065547
923,15390,178.75438131514565,174.97686408767734,162.352013632676,175.90013675363147,161.15853972560896,166.48952817136717,158.09808277691988,176.4865894349207,179.10912526404238,174.56260808807764
924,15407,178.87329516462574,175.56632248307238,163.09637721384942,175.53269162737618,161.45174174125273,167.22621943933572,159.27376623237367,176.65605122955083,179.09133056737036,174.86524871470002
925,15423,178.80614139491766,175.7197095014332,163.53910282596016,175.37910175730755,161.2769288011446,167.13342009195497,159.21200700972472,176.68459226693741,178.8989704192104,175.14692224185876
926,15440,178.8437154735749,176.56708447762415,164.03943544661286,174.5258120084451,159.7071413674225,166.70497930391588,160.13468772798754,177.17023317808076,178.80751164857477,175.54444343735366
927,15457,178.68066300939043,176.84526730901507,164.74959208024072,173.71264080510258,159.9128593788847,166.84950831728688,161.17993807437907,178.2334294297584,178.79163927153087,175.9350495717644
928,15473,178.03937930941473,177.58653675053642,165.7138844147957,172.60547934513923,159.90045304393192,166.92010823215003,161.1563931452647,176.94652482768097,178.64863887038467,176.45698410433624
929,15490,177.49503300618974,177.77884024062337,166.1339588273502,172.31532968282448,159.8348964349827,167.39636097987983,162.4216403479973,176.43286947432586,178.37298643869747,176.89948765584646
930,15507,177.00386910810496,178.42262220073422,166.5796395160756,171.66289895297078,159.88575050617794,167.06326692917028,163.0027540087946,177.15598061703633,178.01253198133492,177.44007019570662
931,15523,176.45501789018155,178.81719713539468,167.06494518673398,171.14911667544746,160.24888696830448,166.70475550290163,162.82805451184268,177.24619852062776,177.53479246465628,177.89009272726076
932,15540,175.70047169817954,179.37536970274155,167.79125240845858,170.88691242300067,160.24183118452623,167.63728349694028,162.9885276946735,176.1953464739039,176.93875420241412,178.39611320600605
933,15557,175.4128088604342,179.48265909000023,167.87881772222542,170.54090699749818,160.99198232887562,167.36766653930889,161.90837001002464,176.08937007040083,176.413440112618,178.7753376738988
934,15573,175.24795364946036,178.97887530668245,167.6829717887563,170.4453147080841,160.5856516416919,167.91041380329645,161.71829952358698,176.35110346280996,175.9640242412721,179.0153446871106
935,15590,175.19727397019815,178.7515535370364,167.59437200636114,170.50912906666238,159.94131892767928,166.64413379769496,161.83233330016074,176.62563783004293,175.60270521369074,179.08113095437108
936,15607,175.22542749225477,178.49008770299127,167.57703779353858,170.58848647261925,159.6215387537055,165.52468208848768,162.56642280818724,177.27723261168967,175.3567871341054,179.01570906789038
937,15623,175.39795785252983,177.98975221281265,167.77866116079736,170.35886068302395,159.75875221755837,165.75140882595156,162.58585226929588,177.56567305214264,175.29628436497546,178.7385855699046
938,15640,175.47745862790475,177.43963371083532,167.86419533407502,170.18130532328473,159.6779892411236,166.29020327728512,162.54766171944456,177.53054191237155,175.30921431846954,178.3299804940716
939,15657,176.19185107690518,177.3483911617577,167.0971756543654,170.42855787968602,158.80311616679163,164.16195462956028,162.98439587265196,178.69873930944425,175.49799380395854,178.00388366508668
940,15673,177.24472008858206,176.89060541176931,167.30324752387688,170.2751970451622,158.47515189889043,164.646787470345,163.60771069352558,178.99444887683774,175.90748302763532,177.63169404003327
941,15690,177.6300930914682,176.56542180746692,167.1802199233098,170.20665189725725,159.0295983902625,165.22707694056325,162.7484091038856,178.66222288196326,176.388416147478,177.2467608609284
942,15707,178.61803615935514,176.02812507567148,166.39175281445074,170.07416148585168,158.87363537323654,165.61434835051404,161.76687784717657,178.49245801590789,177.03243180884309,176.85443543350016
943,15723,179.61297447294046,175.66669887608637,165.6888964879609,170.21208856992214,159.05831057421872,165.70645173774287,161.07037747479566,178.40651894588962,177.8595349778502,176.49984846655033
944,15740,179.59203631140556,175.31474367503617,165.22950719248485,170.28150915801697,159.42193098740032,166.02320742387323,161.0384389103513,178.65898871018567,178.53957202475027,176.09311896920605
945,15757,179.04639617905028,174.88391383355508,164.56420149945944,170.30440763952322,159.4733127676609,166.22380368519364,160.89189759081526,178.23473227187836,178.8999072428439,175.6917806535632
946,15773,179.05033572077974,174.67397327626963,164.2208195365371,170.56968665954167,158.94218371657175,166.34765864314795,161.58421882071892,178.017328834542,179.1839557687062,175.31349094732374
947,15790,178.4518721123114,174.42314108840296,163.6445491919071,170.81738219946536,159.28077766109104,166.44126074445327,161.98086818168935,177.96623449277126,179.15072295929752,174.99249414987005
948,15807,178.0758641790086,174.02013208697159,163.05468486755186,171.2781545982758,159.10527709619438,166.5590992861643,162.80605774696485,177.91754159455482,178.8433009005111,174.6631807920471
949,15823,177.55424594270917,173.56934858148202,162.37391731503158,171.71315878578795,159.37037689312513,166.58695088034975,162.7389138860568,177.93545924504534,178.43574282677184,174.31410177333626
950,15840,176.18328100396005,171.70248350915776,161.55147659353437,171.53252925459384,159.0009653283535,166.54256456583815,163.16926274339522,177.9623055308624,177.86311979175377,173.6778157084568
951,15857,174.7699775302421,167.9881088519541,161.23257152294923,170.13235902876204,159.1631524124478,166.62620959900084,164.19250987156892,178.3471984282745,177.00704815364625,172.34064282359367
952,15873,173.30694021638945,165.43745245632684,160.90531634377191,169.26497776020963,158.8921396341462,166.4081577369933,164.96622501046068,177.61210039310393,175.97806177446188,170.54350509717847
953,15890,172.48881990448137,159.95890263287546,160.88315174518624,166.86620283249056,158.7279440629377,165.5784043700309,165.38686912050997,176.70581075771202,174.86065291955643,167.73125920635923
954,15907,171.303440958208,155.60264107539376,160.49310075310586,165.21961758586846,158.76750636501677,165.04730720191387,165.8073105665347,176.23544419653106,173.6104919226562,164.13791770514158
955,15924,170.37669226482217,152.0180621069801,160.28291038941185,163.89449396904763,158.59530680573982,164.54638445895932,165.74632513089358,175.87056393565305,172.4491741748286,160.20103342470605
956,15940,169.89849187711204,147.3411344572468,160.01569076367002,161.76970314668358,156.8633648303539,164.0840873930731,166.47567485476074,175.46151310203865,171.4748770442026,156.07163854576459
957,15957,169.6454729463188,142.72260857510582,159.69518194872046,159.97681897074457,156.34818502908956,163.63354348934334,166.994821893213,175.25160957158403,170.74258359018847,151.52866976952038
958,15974,169.10302511895142,138.87121893151203,159.26450489297545,158.54147420463062,156.88780541077128,163.61514559729136,166.71331805969518,175.227347110745,170.0654246330825,147.31113302924769
959,15990,168.96911915530592,135.9982440127564,158.57254774981723,157.4880753917524,156.8954758969113,163.36228151336582,166.54124472790903,175.45621018963175,169.59856027250208,143.39025361672026
960,16007,168.56882853584167,134.03168831615503,157.96432437940624,156.99098418840703,157.16845259986104,162.3391698185442,166.3597159705679,175.71398818598547,169.23698752670597,139.79297885855522
961,16024,168.64086390637988,133.11468195260414,157.57485207948272,157.03666913170468,156.94233791964945,161.92320223058886,165.9912609339503,175.64713590127187,168.98546193255953,136.9476883576267
962,16040,168.6706202940346,132.52817878239648,157.38774405099713,156.99124524211362,153.95358910781675,161.01317856188044,166.8293737610649,175.76623150734397,168.7904914021027,134.90880239908483
963,16057,168.89507222919286,132.2658987190972,157.25832242211445,157.22419973875495,154.01874845553303,160.25048222271113,167.1584212936109,175.40360806820763,168.748900824151,133.58773835660185
964,16074,169.02929725369728,131.7476486477972,157.05830739722506,157.06874068497098,153.85562057358564,160.06871096319887,167.15325590734093,175.57992685357192,168.76093644382928,132.73761928361
965,16090,169.07028316256637,132.56626832442714,156.735006844091,157.97438408714015,152.7924844257891,159.56394568033159,168.4268707832664,176.3167079183783,168.8612273691742,132.44453528526444
966,16107,168.4220880639617,131.9378001070318,156.1757955453495,157.31609523582128,152.42943939604461,158.93267661483688,169.5547968091001,175.47437962042773,168.81747220069056,132.20915891614996
967,16124,167.96088100284047,134.05503132007178,155.90918279154428,158.37170035500185,153.57944214716974,159.97657141911722,171.13975868533007,175.87016845138672,168.67552434245175,132.51452942368502
968,16140,167.06625454508338,135.61833682313087,155.4413671520268,158.55378060584607,154.06947961453199,160.40130328781478,173.04082052966533,175.99798957703203,168.30976080562982,133.18501704449176
969,16157,166.52092595923088,137.27166050014725,155.20150636475717,159.04948437710894,154.75727545080463,160.79818468229192,174.252474623926,175.9792124659418,167.80808654673655,134.28981941496176
970,16174,166.12284758884786,140.75980900494403,155.14401634682045,159.50595024142388,155.45538407170312,161.6887682101544,175.4400751905459,175.9174927831449,167.21859943199286,135.92852755106514
971,16190,165.89731641517534,143.401323638528,155.23508858912106,159.8740626872037,156.55124870264046,163.2293732435833,175.8480100734286,176.3533156827659,166.7136451022356,138.2212322573644
972,16207,165.58589513233485,145.37996678377803,155.36215643617788,160.4471550065556,156.31308958411427,163.85117574932767,175.97306704935895,176.4473828421777,166.23864792813447,140.48621935010564
973,16224,165.44769365180537,148.2038154317721,155.57451007255443,160.74669761466245,157.10998331453388,165.68194472206363,176.11384267063553,176.68449943889846,165.91493574947884,143.0033150718339
974,16240,165.38752858893068,152.34366276632886,155.6904741232331,161.3005642336499,157.43802100609258,167.39658970407774,175.76612076782217,177.21515564882495,165.6882562754188,146.0177155250702
975,16257,165.5392437191239,154.84697241465182,155.93116092119905,161.4022792291335,157.0962161657222,167.9090243231262,175.91992201051167,177.23690287698744,165.57153550147402,148.83514820701174
976,16274,165.75768987864222,156.36719776720082,156.21368844592635,161.3931088369129,157.06348825239454,167.74650105647825,175.90021912170425,176.90903974730477,165.54361019416737,151.42832303274636
977,16290,165.98275154536702,158.75060434522206,156.35137318067967,161.75051066720522,157.01879275315466,167.55270403125556,175.83938500424966,175.90017178706327,165.62298147677382,154.10245054503514
978,16307,166.7305188787791,160.683535151455,156.78886127922888,161.73572518406414,156.83842945001393,166.7519374144625,175.91691245486632,174.5844341715003,165.8795465221686,156.5983944889717
979,16324,167.49615460159544,162.66784045424632,157.1626373073043,161.87911187684855,156.57333114014008,166.49703559729193,175.83018837394098,172.90880192458283,166.30127172470154,158.6632300265552
980,16340,168.26934658756275,164.30479170669983,157.49394350001796,162.00318882648438,156.20988722425886,165.7434380828167,175.99728696378884,171.8559428190698,166.8472922983893,160.5547938849648
981,16357,169.50509029162404,165.08637032956878,157.91727636684084,161.86965229047442,155.98732400259635,165.6659113134641,176.02887307822866,171.72997977241062,167.59677238098567,162.2986283974384
982,16374,170.8961460320474,165.50115941198948,158.56154678672164,161.4822329239232,155.88600534333773,166.15390439484557,176.33203473989755,172.15064020111203,168.57945127832173,163.6487394107919
983,16390,171.3805755215909,165.72962328428702,158.77113212620773,161.61710891102086,155.708436426047,166.40059915114614,176.40664100840712,172.5767849423153,169.50946260688409,164.6579570373583
984,16407,171.7493591563188,166.1751424788319,159.10971990461618,161.80758227821056,154.98212398607373,166.68200023543136,176.75037337413568,172.52464294963178,170.3601035178288,165.3594174422754
985,16424,172.21630812926023,166.37341224757677,159.46173407493495,161.86905282570945,154.68858511716678,166.74549763759074,177.14557016984463,172.61227639275296,171.1494958261683,165.7731415504508
986,16440,172.44002281281576,167.09704042154493,159.7944715966465,162.406032634124,154.79870487740553,167.13997620763183,177.54255134045232,173.18441805378671,171.73648233040663,166.17527556884602
987,16457,172.71049634352315,167.66241386486797,159.88058314906084,162.86832273970876,154.7594660271924,167.2290693270958,177.63729644521382,173.4807334522761,172.09935239270175,166.60752645942173
988,16474,172.9689164486388,168.3482996387767,159.63209589539883,163.5777811812423,155.00706122804937,167.27818063357168,177.60697398449258,174.0924228058582,172.41702057811133,167.13126173031964
989,16490,173.53711004311484,168.99077514692823,159.25311465467828,164.11979783233357,155.26631252979794,167.48667136513671,176.9679358996837,174.75145103151127,172.77457075547053,167.69438826393895
990,16507,174.15834849695017,169.02107970573428,159.06514728409897,164.3729612527018,155.37390671978667,167.99517456916004,177.1370890451403,175.22151810775344,173.16297882900852,168.22392175557042
991,16524,175.3352970449185,169.81808606196807,158.84139131748717,165.23407488717214,155.3238533957052,168.00752604566105,176.96840600164205,175.14598957210785,173.7420336754291,168.76813088365503
992,16540,175.16975588351994,170.27576924512985,157.87708719552165,166.00566905899476,155.15914967498108,168.1822036699197,176.38888417106318,174.9718098197223,174.23388558342845,169.2908019597074
993,16557,174.60663809902093,171.2643833986754,157.2794871351231,166.8908166801872,155.69804782985958,168.76262219915543,174.9887750192687,175.41076678558247,174.5614299135049,169.87401871168714
994,16574,174.55464213529712,172.5308700768813,156.44271266365007,168.66458848360858,156.01216547623756,169.35191967796038,174.5392343391512,176.3966800214141,174.76493633194136,170.58203769767778
995,16590,174.1729026824295,173.16074240327032,156.1136549981794,169.34670067110014,156.31512394557348,169.98309993422112,173.62411447843527,176.58896539739627,174.7678471690372,171.40997023718498
996,16607,174.32328584147092,174.06586443556296,155.61938085967205,170.620239189128,156.29264242471515,170.39850855713954,172.9043331518827,176.5415344577915,174.5654449283477,172.25952591190395
997,16624,173.7931221920617,175.50861556224976,155.21982707383842,172.09407181625986,156.94086797045463,170.71581004060664,172.97737961226287,177.00425329304278,174.29011819005603,173.30609517532793
998,16641,173.29513280154737,176.59785161196103,154.31073632882578,173.33426582997612,156.94998918258216,170.95194455695417,172.580701726743,176.61580498105462,174.02781713056135,174.37278881798505
999,16657,173.59370356281474,177.49090215971654,154.1731878307245,174.38355002321094,157.44809099547535,171.0483602529039,172.37692426822895,177.56392863113055,173.83562941606485,175.36479523455213
1000,16674,174.5529413207422,178.33730436102456,153.14399782592918,175.40724657801434,157.36989482224757,171.35854183878138,171.47997904666593,177.42142033866293,173.91163714372738,176.40010762610297
1001,16691,175.6397846481007,179.5827628577797,153.4867358235501,175.93745224097822,157.9906812376567,171.4694897444089,171.5905036304843,177.67906022267277,174.17493690505336,177.50348731054632
1002,16707,176.17817455416906,179.91672316045822,152.8909963265088,176.42475703688186,157.93288261694394,171.79343359591005,171.425213998392,177.10734608387259,174.65194737747478,178.38510883018802
1003,16724,176.9544670531433,179.36246393298086,153.36426297879234,176.67450157576386,158.33830767688548,172.08566980101057,170.97122570188222,176.73320158013516,175.383814227794,178.93803129439198
1004,16741,179.81098933209873,178.42166844443162,152.94863710208364,178.29711901845852,157.92439871603239,171.91014285745712,170.9271643926597,176.41850723198434,176.6272713816508,179.124184551335
1005,16757,178.12926266793485,178.44218794461167,153.4234219654899,178.20390497940951,157.60489592595118,172.64702004706047,170.93067010923156,175.59929856820884,177.34253565108935,179.1451612680524
1006,16774,176.28909960885906,177.07511932479918,153.8427448948851,179.9486891265948,157.72325815997516,172.663172832468,170.57004537538657,175.2786162462308,177.472398643241,178.6436325614563
1007,16791,175.00174788953169,177.71225693204397,153.98965959794361,179.72345913852857,157.64670919359787,173.07432391972148,170.57968494465374,175.0211937875713,177.23711331031353,178.20273931577344
1008,16807,172.65579951945693,177.7281353182543,154.12885407188085,179.92798238759298,157.1019884171662,173.10011757940768,170.44687668835894,175.02421605422836,176.37737980357625,177.87587359282813
1009,16824,169.8973850138347,178.5599306759826,154.62645882355253,179.94094497147623,156.74607400451956,173.3626851848067,170.3092961172435,174.86613850837938,174.39465893992346,177.90352603913834
1010,16841,167.67013651701555,179.32940587736192,155.2313060809219,179.79613690298856,155.55775603508212,173.47892555456536,170.6016763396666,174.26094965781976,172.3028337097396,178.0809696256884
1011,16857,164.48680579152713,179.82055619917668,155.8366300457825,179.76808912970608,152.67886659601206,173.58925981147743,171.46958416471315,174.07048370178578,169.94237494627322,178.6300570005639
1012,16874,160.76142853200855,179.09864062555812,156.58197907860935,179.7159841150127,148.9920379388373,173.50765946052172,172.5288787571042,173.31598152533678,167.09431107476857,178.90733373926673
1013,16891,152.65680194302652,177.6736722750983,159.53956410064185,178.69204898622507,142.64625667370652,174.67612256416535,173.999961352511,173.43477163934244,163.0945115594825,178.89644113063554
1014,16907,149.23010894246383,177.50561603417958,160.00241664138684,179.2841437842817,138.96675744318367,174.2983829364763,173.5507258471849,172.5191826731078,158.9610563452083,178.68557820227494
1015,16924,145.7610018714767,177.23558201301836,160.82427186265704,179.35720263028705,137.53122213935225,174.14036870582962,173.31042298513563,172.17200295305813,154.57922941610053,178.2668134294062
1016,16941,144.97163731417118,176.4537436352249,160.6678429515084,179.11590751188433,136.12948819862285,173.8576528562006,171.71538542108496,171.7608419681722,150.67619572062935,177.59345091661584
1017,16957,143.30582734904917,175.9710689537552,161.3567704393272,178.69598494053037,136.3192810392382,173.19165888560238,170.39148337266786,171.6132371148625,147.1850754840375,176.96793658225528
1018,16974,143.4749400976601,175.1778657800676,162.26906490732506,177.97957233211164,137.78731010282752,172.87927998293011,169.37621508878712,171.8798851756091,145.3487031149642,176.46877528324913
1019,16991,144.2685700427629,174.07710572975074,162.02682485679142,177.37826412794757,139.6480870448887,172.48733218209037,167.67272205509488,171.57838238434826,144.35639533502402,175.78307322236336
1020,17007,144.33439623993718,173.87833722276324,162.21221011567565,177.53686633624545,140.67222469209224,171.7034357597919,166.20898647981906,171.25099172299744,144.0710742087161,175.11162426431233
1021,17024,143.60765124512693,172.47721314827976,163.03781484204117,177.1123237805984,142.6647531663893,170.9244084492868,165.32565114235666,170.91708559246817,143.79827699490724,174.31631816692328
1022,17041,143.81054677525094,171.1673610918091,163.14027498385363,176.64218736764565,145.70361038758682,170.99795908055455,165.17406244739846,170.48544305932228,143.8992208801476,173.35557659453409
1023,17057,145.2066807583217,170.5343752347422,162.80689631788658,176.47683945780986,150.4943240006508,171.10313526181426,166.54492518806998,170.0159179729573,144.24556901227993,172.42687848546902
1024,17074,146.78571347266532,170.17961929785739,162.09384317067213,176.33213383943954,153.18224740130864,170.94478079783764,166.40235147179246,169.78460170222456,144.7489976982604,171.64738119909035
1025,17091,148.75611382343752,169.8322590324745,162.56203743529548,176.0060638926491,155.16905058077083,171.4248604632321,165.74595716405955,170.19971996344123,145.63334121496047,170.8381655610326
1026,17107,150.88020437605715,169.93647610431128,161.82090180144203,176.18873171070518,155.97692413533903,171.597678761968,165.01962617751227,169.98935231714745,147.08785184114652,170.3300181522389
1027,17124,152.07074502006347,170.85400869132607,162.17893132090444,176.92498212044376,156.68071027940923,171.38522903422228,164.2477008534294,170.24562738965548,148.73989149010902,170.2673476721423
1028,17141,153.9481083703767,171.22248212313187,161.66214133011067,177.5612269894158,157.93632698120328,169.5955348653588,162.76345912723033,166.84551891070927,150.48817701252,170.4049690498202
1029,17157,156.0870990382366,170.7335580017169,161.7114216815805,178.27188754743995,159.30066031661792,170.0777901353176,162.80935147014938,164.77772471166057,152.34845412563428,170.51575679059212
1030,17174,157.52647973707897,172.89116968957163,161.8120031035271,179.66204294715928,160.99319410690353,171.24188624709686,162.04912286226036,164.53702754731734,154.10252730836257,171.12753892201152
1031,17191,158.8465126842953,175.3382430167399,162.09184732639469,178.69772788238495,162.5364304243165,170.2084917595295,161.57192346465177,164.72210611029593,155.6957889700102,172.20789230449728
1032,17207,159.97551270974586,177.31260104333398,162.9880189997695,177.15390024260208,163.64748188704093,169.51988607743124,161.3831946977879,164.78426749733802,157.2767425079467,173.49961077489885
1033,17224,160.74574268847,179.89394584706932,163.89487130592747,176.12470956095254,164.52671970124553,169.75561942915334,161.4818148629959,165.17584137782154,158.63626937156533,175.23390351968635
1034,17241,160.96449190589007,177.28680125606556,164.3607501096865,174.2281814509031,164.39030326603518,169.8065719329103,162.67264124947943,164.03778977633678,159.61174794509606,176.54455217055607
1035,17257,161.31518370888418,177.43911250962122,164.77781015062104,174.92097670551945,164.28332843268515,170.83117719035235,163.9854954160154,163.22761705429198,160.36948873945707,177.454140734566
1036,17274,162.42039787011834,177.1601998414858,165.70840864798865,176.8355527910603,165.15532886081002,172.3661831565902,165.51515136511512,163.00426665007487,161.0842657766217,177.81853209951518
1037,17291,162.8929584964172,178.88455433058166,166.93194015477974,177.88691450065485,164.29243569707512,173.23060522272434,166.0547824448035,162.9424459918427,161.66775493395596,178.1329227569647
1038,17307,162.31582152533483,178.53069058936038,167.6856261913154,177.73999528597452,163.51815836923942,173.66033801947233,166.79805108881465,162.70597494421946,161.9817707013289,177.86027170542292
1039,17324,163.01401978957685,178.68078573467443,168.63868596770416,178.54974916757195,163.6918895897473,174.4191584627432,167.29226002543382,162.09308490707227,162.3916762780663,178.13906860114471
1040,17341,163.26909489157134,179.7390096311745,169.8503084181036,179.6524082269667,164.01622186025511,173.83014638331974,167.9520391749037,161.1764921677645,162.78245851460375,178.59904802545535
1041,17358,164.55277937413686,178.83031340074982,171.07055981172385,179.33385003586,165.5875798581951,173.93303564966345,169.42209554060113,161.2910346058122,163.20893481540742,178.93307073730813
1042,17374,164.16964368182175,176.824923187283,172.6678117561052,178.33147214188762,165.72207258319605,173.34769840024427,170.78592268880854,162.12317474221695,163.46427185248834,178.52114450864843
1043,17391,164.34455032914204,175.27205986722558,174.64033765854558,176.86884390384196,165.8912002048647,172.8261170446554,172.0628277293337,162.62526509904464,163.8700176132498,177.86941836422147
1044,17408,165.03200626166267,172.98489403725827,176.61340825825187,175.26184317583846,165.38942222222516,172.46048622249668,173.43699668882704,162.59922124513068,164.27361490766694,176.73024002473826
1045,17424,166.70640559641282,170.8982378732716,177.6553061653455,172.82488474518652,165.62465864219018,171.5270377701083,173.53562259025713,161.00520827358653,164.96107704863525,174.96208567315767
1046,17441,167.93689961215094,169.09437214212517,178.85125516965667,171.04886151700586,165.41964302254476,171.1180195280235,173.6291722931271,160.3768963176701,165.63790109623807,173.01489742143272
1047,17458,167.98020576167048,166.40969960159305,178.9678438627591,169.82748596865403,166.03510037789178,171.16633722837878,173.19777993217465,160.0495249359381,166.4000135122078,170.93185270429473
1048,17474,169.33965020425777,165.27828624024352,177.74471477302566,168.88364861029697,166.78540697029882,171.0382171200893,171.97473027285477,159.2677991808433,167.39903348723095,168.93309797889833
1049,17491,170.04783940734035,163.84058378861863,177.1988604404939,166.79176477703675,167.17388881594457,171.59435115300772,171.67048200527114,159.13790858983762,168.4022001163665,167.10423592917041
1050,17508,170.96975199381717,163.52798275158068,175.32703727948467,166.10795116796794,166.61701501131878,171.69272259081256,170.6142803295348,159.45151633603433,169.25486939584735,165.63018490483222
1051,17524,171.82823127722432,161.03915585995185,173.93430784810064,165.0046823403272,165.73065024193494,170.75883289482908,169.1286641032219,159.89489903449754,170.03313572886202,164.01914164839755
1052,17541,172.67612153090417,158.76861998148397,173.05997665417078,163.33746610691378,164.88317143686666,169.80199721370857,167.98413634706318,159.33530177220678,170.97231888270875,162.49092572437573
1053,17558,173.48265283856895,156.3331275096062,172.67122425457418,162.7669547927605,164.434160973567,169.45769103260304,167.15003808902813,158.19695963959813,171.800919409571,160.70189397824825
1054,17574,173.73871659882482,156.8258844436448,173.26469240387345,163.2050525173099,164.784796814561,169.4863314075712,167.64711527526717,158.5909520842984,172.5390948478679,159.29895410925351
1055,17591,174.42221174070647,159.80876140578937,173.6023533405551,164.33949101509063,164.92547643880758,169.24489470092897,168.00236892920285,158.61061582243346,173.22958679724576,158.55510984009524
1056,17608,174.3708939737925,161.34966393018766,172.51623043404638,163.97624727013175,164.70057719459342,169.60177491933078,166.84926547037693,158.71371431435546,173.73811933655935,158.6172114541424
1057,17624,174.1894102157448,163.25981204339473,172.19478916554982,164.9034752925544,164.31201289188493,170.28673783987395,166.01091684496313,158.92487273077955,174.04077707352752,159.51544986652456
1058,17641,173.96663991656845,170.12781444368093,171.95254265740132,167.31956675446983,163.95118324275808,170.8477150800941,165.19868263521792,159.18276042693662,174.13757448912742,162.27438725333948
1059,17658,174.09855883844222,176.96546518330794,171.0105961839685,169.90796939537054,163.81391078324592,171.69306184881478,164.58512404249564,159.35250058180657,174.2095429370509,166.30230340127213
1060,17674,173.94356797627387,179.84715973232755,170.9248418826463,171.01795983886538,163.52445054971415,172.0660248953868,163.7159806768267,158.91857821795668,174.11381418416437,170.30998306657978
1061,17691,173.62535656995368,179.32179379809946,170.6472637003162,170.5332504150576,163.1269615177168,172.00435096848298,163.11651624180797,158.91265485375416,173.96470670339664,173.90440904016214
1062,17708,173.30905573863345,177.42949658748051,169.95661755097277,171.71663779497393,162.85440001679112,172.05243735993398,162.80533266194254,158.72885631732706,173.78863580797434,176.73834594897932
1063,17724,171.27171270397648,173.68054679534737,168.3754298617017,172.90644044446339,162.21406438597427,172.57656515874504,161.80286252275312,158.62998637241603,173.24965036545595,177.44889241931259
1064,17741,169.41417840066708,175.07059153021038,166.49704887406773,172.8054772740086,162.4377112434843,172.22718602053433,161.6572137892302,158.66220351777005,172.31277427790093,177.06991768869307
1065,17758,168.42103954534005,175.7214774175419,166.08716509596997,172.33651070774795,162.42463973110767,172.4135076555848,161.5307274145928,158.22819649424773,171.20826859171413,176.24478122573595
1066,17774,165.3509638238333,176.39607625746723,164.1580349513965,172.268624540339,161.64220086491744,171.8835920667357,160.25838947976004,158.37087821882338,169.5533900424901,175.65963771760948
1067,17791,164.32634733826922,176.30292085286493,163.52020645369302,172.4296690883003,161.2984101615263,171.75541603044454,160.2032809541779,158.54383957152152,167.7568483624172,175.43432257068633
1068,17808,163.37295968438806,176.96715017400166,163.08430747700694,172.21820221233475,160.46871780854298,171.3707328624084,159.61563052967247,158.77968571609264,166.17709775849954,176.09164324641722
1069,17824,163.65078915370782,177.45510215479155,163.4510838561752,172.1493091429813,160.91776094824436,171.3766325229796,159.9363557866431,158.97784213861158,165.0244199091077,176.56854537133347
1070,17841,163.89216339616735,177.76085270776446,162.96441684083032,171.9955513745675,160.7681875003896,171.2433645104337,159.89927036665293,159.09292036130327,164.11864467927313,176.97642042937795
1071,17858,163.99627418827234,177.48690956591057,162.92232060306515,172.05095752217844,160.94492428540278,171.18367562184432,158.92309623135435,158.97245255066426,163.84770675216095,177.19458709106664
1072,17874,163.95876549947167,177.83994050193002,162.75219294422334,171.1198706098043,160.88918727062034,171.1535665207266,158.47461957517524,158.76132546435812,163.77419038440144,177.50199102087964
1073,17891,163.5181474560017,177.49416612358212,161.42276269426105,171.57823397485146,160.39993160605547,171.07427856879607,158.14734807710437,158.72517404232025,163.8032279387242,177.60739421079575
1074,17908,162.9280222236593,177.7344157669722,161.10200092825002,171.4306998094922,160.0900674857997,170.94475097593642,157.59697801977407,158.31787687743432,163.65867455271444,177.66325693323188
1075,17924,162.8814517111837,176.52017692904425,161.10577389880044,171.4887041483242,160.2460306746497,170.94519375884371,157.6214319299276,158.17242043651808,163.45653221571774,177.41512177748785
1076,17941,162.82298719435082,176.94476985721855,160.4865871702931,171.0000574374969,160.27016694312917,170.25317617123747,157.30277523628519,158.9535752649439,163.22187481693345,177.30669383574946
1077,17958,162.75813215723088,177.29625971260083,160.24878037532847,170.84631459556115,160.17664348503604,169.87216184536925,157.20685014823533,158.6558166806121,162.98174814848528,177.1979576778836
1078,17974,162.62155979760004,177.26916799992472,159.79750223252148,170.58039131747879,160.3501110840879,169.76655881530206,157.0194375525686,158.98738994150753,162.80243061680497,177.15295805315213
1079,17991,161.94533090554094,177.69135442618068,158.87349523439326,170.6988976115531,160.34806851392486,168.97309743719387,156.97242898229925,158.2491299246967,162.60589235318128,177.14434578499382
1080,18008,161.52044865181318,177.66604333236805,158.72093445394387,170.4862629141035,160.31905061441398,169.0813514067459,157.05575006842258,158.26614978933338,162.33369174130718,177.37351906565857
1081,18024,161.37581784750324,177.88777016900747,158.5507104050615,170.18873084271328,160.32210751191414,168.95828990548185,157.20473674691664,158.82372803380304,162.04425787193765,177.56211912801638
1082,18041,161.34439990034926,177.94878659043508,158.58258885995102,169.84583688271974,160.3288664085504,169.05004548148523,157.18916282229867,158.82793817953714,161.76151142056133,177.6926245035832
1083,18058,161.13478793686443,177.96931215298767,158.34254636669914,169.6249923362926,160.36201608097747,169.08841423808778,157.0786767076655,159.11248525126848,161.46415704841422,177.83265333419575
1084,18075,160.97646651694868,178.02899906504103,158.26453935477818,169.50640535979042,160.38659868859304,169.03804781904165,157.07668297638958,159.28415415641527,161.27038417069576,177.90018226196784
1085,18091,161.08031658503035,177.37545756640765,158.43728819555682,169.97467301616132,160.4389591647413,169.4761482671179,157.14891593195244,159.50016076537264,161.1823577573392,177.84206510877578
1086,18108,161.21468111951305,176.6698957072573,158.77943863852096,169.92648517837068,159.8729279628642,169.6915438191037,157.3048222178663,159.0869757226961,161.15013041174115,177.59849021642574
1087,18125,161.475028080834,176.32566525364373,159.071596551198,169.9544640454355,159.58993112862618,169.92304248942054,157.47168368761567,159.12149331172589,161.17625604783808,177.27386594906747
1088,18141,162.06722275960703,175.27146423253697,160.1157463113288,171.01509314833723,159.8183601081088,170.27807153826197,157.74685585229864,159.28844161700866,161.3627430123866,176.7342963649773
1089,18158,162.1549669797178,174.394019154353,160.55213485837825,171.55223442689478,159.82429255320582,170.32227947631807,157.95099001700447,158.98455120596665,161.59844310494046,176.00730038283976
1090,18175,162.28968972913475,174.2952976792671,160.81315146458246,171.56862382505582,159.85591707600724,170.3868419838687,157.74821962451156,159.07664305521445,161.8403177337613,175.3912684054116
1091,18191,162.51025821227807,174.08509332058821,161.297389892295,171.7043746460176,159.80381519423855,170.7000353853255,157.78658539111237,159.09169383180736,162.09943315231436,174.87430792807783
1092,18208,162.87842071444044,173.8948739726036,162.05417911551055,171.99236358817896,159.90434340155272,171.14121601194418,158.0914803648102,159.2008124898996,162.3801116790356,174.38814967186977
1093,18225,162.5956798377715,173.8741378525529,162.28740304472439,172.31552769278468,159.9601024720515,171.2945896779161,158.3109068489425,159.04735426178343,162.4858030946685,174.10868439587293
1094,18241,161.83217750668945,174.00431521828676,161.98867612063293,172.17116313535664,159.9094731758504,171.149478511715,158.66141031858646,159.53538821707818,162.42124520006286,174.03074360865972
1095,18258,160.3352227697366,176.85646279490487,161.24395127225932,170.99489300454468,159.27838919585986,170.65856421544385,158.41588580514548,159.40446491911757,162.0303518081832,174.54297663178727
1096,18275,159.45283465335484,177.9645747441961,160.79402733705163,170.36579020785288,159.23296383617904,170.20296501032075,158.75257336013848,159.65682201344208,161.41886709639857,175.31887291650887
1097,18291,157.91248984449714,178.54685007195843,159.8619166929861,168.44582370062972,158.57333598832048,169.37643864258203,158.26407867016476,159.52676359175322,160.42568092240992,176.24926813637984
1098,18308,155.06393630610555,174.37567613468866,158.22684881108154,166.26603857745917,158.349966547711,168.8820492439367,158.07678500621967,159.4324708284843,158.91933221607673,176.34957579280697
1099,18325,152.2205508770365,168.83194422120988,156.36663146265474,163.4734240356602,157.43999772141981,167.76724651852166,157.60383410612218,159.37989929115636,156.9970068901461,175.3151015933916
1100,18341,147.84116918012907,161.7194649294138,153.56944242170724,159.71060309072993,156.52066462931222,166.11940993215515,157.02400277988275,159.22896718117966,154.4981961722246,172.28770202029335
1101,18358,143.40805524459927,159.04031972684427,150.25024861559118,159.005023608864,154.92785972342065,164.64348821864738,156.41919736524608,158.9837839247806,151.28924029047351,168.502851016823
1102,18375,139.17674863629634,154.1797081709932,147.55327714122416,157.0024680957768,153.00379462188656,162.7702135508136,155.43893034640044,158.55520113601156,147.54209204883335,163.62942263662995
1103,18391,135.74432521419428,150.85132194916514,144.41030108601655,155.22679700579548,151.85791986195733,161.1592012826274,154.84757127932332,158.0667151733315,143.67816983045108,158.92455179952526
1104,18408,131.8885631965049,149.06869205306984,140.9466000832317,154.33064212377977,149.0963973939622,157.83192839685898,153.44125060834344,156.1303870231049,139.6117722943448,154.97190136589725
1105,18425,128.0896674576262,144.57565122864935,137.87709171701152,151.59593214146284,147.12045121664644,153.34365973087063,151.57073826553838,153.98413670067748,135.6614719498442,151.54313862574435
1106,18441,125.40421079421925,139.76248263493997,135.83721221613797,148.49619368797184,145.91545883301933,147.90244367874226,150.5206085481935,151.8434278830076,132.0607030597682,147.6875712073635
1107,18458,122.81521824635085,134.62642991629258,133.6834262524195,144.3499436205501,144.84446008621305,144.44958398684736,149.301513382605,148.77434112310692,128.78839698177907,143.77691555642338
1108,18475,118.91177557529326,129.54364340981434,129.82901590404066,138.26279769611054,142.13967245713548,143.40494774422606,147.41416222459418,145.59204383432467,125.4218870539989,139.5153798485532
1109,18491,114.00829538884587,123.17695763397752,124.33327677249649,131.4914993382057,137.34666889619507,135.65347502981197,142.64972946791065,139.91528072422037,121.8458334924671,134.33703296473476
1110,18508,109.89834432005279,121.16169498517654,119.02217979899989,126.89631294322946,136.43216697528473,134.57335359236492,140.1863748450054,137.1823921278928,118.20756886495239,129.6542417160402
1111,18525,104.07092193417962,113.5678967084023,112.83721227339274,119.88563536240517,132.3459650467722,129.23477806798613,135.92211929372672,133.9737625812656,113.94091109294448,124.41532453073266
1112,18541,100.76326825377372,110.1239659132633,107.77766730656262,115.14976055948301,128.82592237846916,124.98019628452143,132.71255906351448,131.50016120716927,109.53052109442906,119.5148317301268
1113,18558,98.75386975812538,104.14387382744,104.41225198223293,109.95671865813252,127.89094375790107,121.13359120970496,131.01798494287803,129.30727701497668,105.49893993099548,114.43487781365192
1114,18575,94.92449315191485,99.78746589837915,100.69969148416416,105.84977843704881,124.60411401199691,116.27119849261307,127.44787413043807,126.4775486739565,101.68217948360927,109.75697946653227
1115,18591,91.52517894607207,97.5246448320187,96.44306337449808,101.55188729412956,125.16406372589623,113.88184672583202,126.11884801253099,123.62191377641368,98.00754640881311,105.0295694359007
1116,18608,87.79412105121497,92.20689212141514,92.02763285341531,96.58184032663009,123.64399344463583,110.01985673786407,124.25258872007993,121.46720256604455,94.75218623222018,100.75736851850326
1117,18625,85.20998116370976,91.65350123865394,89.9846505657309,94.36275240866296,123.06750706049219,110.8086953274272,123.94675151876865,120.9614152977945,91.6415288142074,97.06327558358139
1118,18641,82.92876182093897,90.42562079462998,88.37374634592139,92.26626807859931,122.69976714320913,109.72391256922099,123.03934848872444,119.22545439620211,88.47650722677012,94.31962497701937
1119,18658,79.93424183832583,87.84943273133497,86.17701836687495,89.48006568441251,121.43924412499223,107.63901537578147,122.31109662457365,117.10315219027355,85.47845696405231,91.93201834361055
1120,18675,76.79227220755985,84.99329564676476,83.6298590481472,87.28163784914345,118.25507304283492,106.48451019143504,120.89204432932914,116.53363930007603,82.53187561634988,89.42574850655976
1121,18691,74.2227315208461,85.020106126712,81.48895122927748,86.2749109572347,115.91753011666165,106.64351376377228,119.6181644019521,115.15988270375432,79.81759771027609,87.98839130761912
1122,18708,71.47418201505879,81.35422024840125,79.5201734457657,83.2029821076662,109.39869849457827,102.84922860883661,116.18508156928752,111.49991366539625,77.0704378805459,85.92853510956859
1123,18725,69.31931158017322,79.97531730551326,77.9466926558929,81.3124268705001,105.99138012707697,101.55616143900227,114.19338341304527,109.54753429302035,74.34854783239275,83.83847441174525
1124,18741,68.27222864052054,78.06969174483326,77.23027667595166,78.99585238313978,103.8571934232097,101.94017342961621,112.63037542080274,108.36157716866254,72.0161451928317,81.88252621444491
1125,18758,66.87347073698385,76.7851603933648,76.07330018174869,77.73162241361645,102.84572131300561,101.92964864807591,111.15574334502045,106.9406421085383,70.0323848987165,80.24089916376492
1126,18775,66.19985974815448,75.71679242405459,75.7768453612026,76.90074998736885,101.49421021477055,101.08954312724293,110.76963846757421,106.05707933831827,68.42781054417819,78.38023642323344
1127,18792,64.76924579345062,72.56644859084493,74.78414359046792,74.21627836126191,98.83025283058363,98.87084149231961,109.06977047357931,104.20169027537176,67.08682329985655,76.62268209172217
1128,18808,63.913195227731784,70.99642601806919,74.1723307356541,73.21578038670738,96.5763232711818,97.29130281178277,107.61883350397135,103.08065462052153,66.00560002936825,74.82690383423335
1129,18825,63.61379813995826,70.96160372404418,73.85960732809512,72.24104337605291,96.77154188207139,98.51792652916303,107.22255611985692,103.05543389905966,65.0739139292558,73.40528623007553
1130,18842,63.44003449562462,70.60515681830496,74.01022983378118,72.24532287379103,97.64432299848436,99.04969983620053,107.78614488844916,103.62358777569003,64.38722668098396,72.16928551506358
1131,18858,62.97741314425085,70.29442346585535,73.84090775172102,71.91953344375352,95.50274341509558,98.54588936262502,107.32281093902397,103.53159238626549,63.74273736020323,71.08481172342371
1132,18875,63.08534236083978,70.46811549372575,74.20533276976515,72.01526241820962,95.79080857650094,98.65381350131891,107.85573814849073,103.60270616305971,63.405956673681054,70.66514510399989
1133,18892,63.224590376949614,70.36470547450607,74.41255119506725,72.23702042000718,95.79964724418828,99.45306696584404,108.06637774675877,104.136691798682,63.268235703524624,70.53880099528726
1134,18908,63.56653604223598,69.23663580119003,74.97458830947642,71.91810676066363,96.76707976592947,99.09203712796936,108.30662430882755,104.16158479323428,63.258783283980165,70.19380741071643
1135,18925,63.81755714652531,69.84118549304583,75.22368405298862,72.97839697789327,96.8304289716245,98.74268951375453,108.24959044360847,104.03184105036463,63.33428781416031,70.0410131456646
1136,18942,64.31528954715246,70.62400278975804,75.7461297863887,73.67840999809836,97.71939914856297,99.32760010991734,108.54293826808372,104.57577682226103,63.60186309474064,70.10692901044516
1137,18958,64.78861794409225,71.7992083529322,76.20710135531567,74.33491556684149,98.63519253901968,99.80038910995329,109.00412879553737,104.90438091894846,63.94251821139112,70.37314758228642
1138,18975,65.0432202705438,72.27356305338104,76.99090847546677,75.3571514458303,98.8342465101666,100.05320644800831,109.62830510890888,105.43047150885658,64.30624419010996,70.75491909806144
1139,18992,65.63881535668864,72.41131352704707,77.88520728972311,76.5459937948915,102.05634943594859,99.46985307511848,111.9223587046976,106.46915946021488,64.7207000530005,71.38985464323284
1140,19008,67.14935561833758,73.89668005672365,79.84537602185614,79.04738299181497,106.70667999033998,101.07041787304942,114.98252750459159,109.2520325296161,65.38705974736294,72.2009535559684
1141,19025,69.26232313329625,75.05370986162205,82.23057182307812,81.05938177940135,109.54920215326237,101.32864189953459,116.87135885792782,110.31790779833314,66.3764664645917,73.0868949703412
1142,19042,72.11631398404215,76.42301888682572,85.15660587378733,82.54405346443302,112.994025970287,102.60512854996027,119.35486474780349,112.05694804928483,67.84200567258168,74.0116570771199
1143,19058,75.19079325678557,79.02085263806282,87.85302561293223,84.47870588533816,115.41948650648814,103.57120723333941,120.58717576332452,113.25213929609866,69.87152026983004,75.36111499405627
1144,19075,78.8291070452074,82.53532049976295,90.85623147378263,87.71341271064392,119.31853028003768,106.23700056088056,122.51447793534666,116.10072455460639,72.50957860753378,77.38591638859944
1145,19092,82.56105508207655,86.104878408524,94.10186785886617,91.02089026667903,122.7295025071034,110.7874665228668,125.00604548934355,119.47803231725058,75.59191850028158,79.8275560589595
1146,19108,86.40094365482136,88.86904081811821,97.56727983566614,94.53484226933276,123.72433717513896,112.3928603446318,126.83526067811414,121.8092580405377,79.01964260458661,82.59062225025875
1147,19125,89.85702819556901,91.8369090180625,101.00418359991116,99.04320681716106,124.29191352017878,113.87818901701863,129.007663694113,124.53577722267723,82.56778544689197,85.6734002765061
1148,19142,93.2325616410996,95.34609834499925,104.81261640023055,103.86881612136513,125.38249522167297,119.17238196500695,131.01817778751627,129.33794248975852,86.17613912375478,88.93844941789338
1149,19158,96.23409822394207,99.50643938918753,108.8089567385016,110.49797522089338,129.42770788625756,125.19494525275272,134.84053002676166,134.23569828915743,89.65713735950172,92.33267319577828
1150,19175,103.05818903780595,109.05321396337068,115.49138428778795,117.48303595803827,136.56667291611416,133.11794197735338,142.0219538391792,138.89533230500294,93.7565641506476,96.92234030674763
1151,19192,106.86780228481362,116.32348304562844,120.4033463757496,123.4036717430899,139.00203553049448,136.90436965913642,145.2154452843365,141.70318723805397,97.84993587664606,102.4132287522497
1152,19208,112.09560240517395,122.28326668539886,125.82568779570504,129.71707727464997,141.93703821132922,139.63382847269312,149.0275460141053,143.65720908840382,102.29765071856704,108.50250028571695
1153,19225,116.75062674618894,129.83760438585927,131.70059933569016,136.4555111679818,145.41925923287755,146.53649728309438,152.64891206427006,148.809113974393,107.0012637395849,115.40080149388896
1154,19242,120.60680561075931,134.49425545318417,135.86725877447472,141.9033907520858,147.685414376906,149.86722993095978,155.29696131032523,150.8147896880896,111.87580521694835,122.39836470668828
1155,19258,125.17400872355422,137.4518529758428,139.6146216880793,145.81274234256676,150.89812373678848,154.6115666776794,158.07471315611082,153.1763866231458,116.29896915409799,128.07809250918268
1156,19275,130.40978870333285,139.78271795106312,143.70987338659313,148.32038009475792,153.56072711225698,158.34751145944372,160.80306148910523,154.2730241987251,121.00736643780185,132.76993949026965
1157,19292,135.8770695682136,143.293354258236,147.34888659769402,150.49974870327813,155.61042129704202,161.30888928988156,162.5350389346011,155.3271766911726,125.76365987040978,136.97195700483707
1158,19308,140.90635967804738,151.84188348455976,151.41368130095663,156.33529356960833,159.26893706830424,166.01777599839687,165.08453399802613,156.4588431335366,130.59480645678147,141.37281282457715
1159,19325,146.594897829733,161.26540138672235,156.1508595447345,161.53685936271833,161.7612567032398,168.35918513577687,167.82847418766085,157.13157051779518,135.7924249005762,146.72704201128482
1160,19342,150.17797190006374,170.00872523802224,160.45712765299822,166.16436750271123,161.95372735376952,170.38058679372094,169.02068325843146,158.74291791527597,140.7932175358781,153.2384164637207
1161,19358,155.09796583513173,177.8933861952012,164.37570037002178,170.7396296266571,163.38305162666066,171.86603011404878,170.50262119604804,158.4644668983765,145.7308529622379,160.8605501125483
1162,19375,158.45436021554602,177.33257013760658,166.7832372573273,174.26900673851748,163.92962405388332,172.75143208306582,170.68019294722805,157.71763990749,150.24631109170437,167.66839328842244
1163,19392,162.508084568583,173.96502069746404,170.1800492132672,176.97272349939334,165.20087397210352,172.50421948704576,172.05394534253804,157.39024284653055,154.5666560698115,172.09302073100326
1164,19408,166.2921713307757,173.81920236636225,172.3770103477866,178.09130808657738,166.1145598764065,173.09005397029424,172.2838125345525,157.10661221214343,158.50611077002003,174.60378092693128
1165,19425,169.33108620055177,174.02497701440996,175.1109747877256,178.54163962485677,167.80097380855776,172.82329700577125,173.17443843446455,156.891862064257,162.33673363011764,175.4070312822088
1166,19442,168.56927008875647,174.39899393989802,175.36261789274053,179.5840123287869,167.21634246133672,172.86009575612445,172.88303671780494,156.9841359811548,165.0309944808426,174.70815283114817
1167,19458,170.22676140456068,175.2968545172783,176.34370860364055,179.88513448590695,166.93554925672785,173.18588552406123,172.58054840828544,157.09633318072977,167.38547471864553,174.3010097070825
1168,19475,171.71068843129746,173.45803820916476,178.07791620667734,178.30493358585977,167.07284087261138,173.96290491636898,172.93478740215397,156.74305975616707,169.2259954911884,174.19961320942264
1169,19492,172.9090682647493,174.888592941059,178.72745402585025,178.5126864382684,167.16782621820778,174.02238220319276,173.5024524695809,157.00783113672549,170.5493748779831,174.413491324362
1170,19509,175.4374036740713,174.7862483710842,179.9750479640815,177.88848348785817,167.9456224980275,174.06439606848048,174.2838777114193,157.09797085334336,171.77063837268705,174.56574559569685
1171,19525,175.65009537785824,175.04047316483542,179.78680787686974,177.64842027415807,167.30942565712928,173.85842112188664,173.80967329324906,157.13348514772412,173.1868034305074,174.69404144068432
1172,19542,175.29781347514106,175.07905008937738,179.59880910339115,176.93236087972213,167.2713915144695,174.55299380982706,173.7097230250676,157.2173861378586,174.20101384462345,174.65048055510414
1173,19559,178.38543919141875,175.48528364217233,178.13783370281573,177.15665303765755,168.0777798637448,174.49340970853754,174.4841551503282,158.24048389991992,175.53596399664775,175.05592964170566
1174,19575,178.93093731202399,175.7835099648989,177.65613530512286,176.41336827700104,168.18880421232976,174.3751563594358,174.62220182670947,157.99963223833595,176.74033780610267,175.23491304647365
1175,19592,179.94479971450735,176.65991115659813,177.3891507809927,177.15924439166741,168.61976977979955,173.77517857456522,174.65519166300524,158.2416622869162,177.64181701418985,175.60964560357644
1176,19609,178.9098856129474,175.90399169063625,177.4874793681123,176.5422141093151,168.84872971840952,173.8305514740278,174.6756164790766,158.03857273714576,178.2937750612077,175.7823493087366
1177,19625,179.57898686553798,176.1892247377078,177.2207306083583,176.86240271236696,168.88548930480465,173.64410115516645,174.696331718869,158.08431971978473,179.1500097392871,176.0043842384027
1178,19642,179.61618286035736,175.9690452385949,176.9634362807752,176.63908838879362,169.00202551513294,173.8067750643099,174.52101241987447,157.98361843774612,179.39615847307482,176.10113655768723
1179,19659,179.34078697324665,176.47613581850425,176.51801517344154,176.6961960981394,169.28606385828573,173.8383062798703,174.61827204683206,157.8953574666727,179.47812840531932,176.23966172840824
1180,19675,178.67639064199045,176.63739363674605,176.00228990691446,176.7273921479473,169.6327506506699,173.807361225694,174.83438016169106,158.13481821244082,179.22444659081594,176.23515822443784
1181,19692,178.45507499384328,176.77835860955815,175.86422256007455,176.2638924009696,169.60790112500916,173.80724931428261,174.82009026487617,158.3005160938617,179.13348446699513,176.41003160822225
1182,19709,178.39628677575507,176.6766055540456,175.8431431631151,175.92984790443876,169.66095968604475,173.73568512119093,175.13837262387463,158.482591294728,178.89694444903859,176.5075077714898
1183,19725,178.70824354143843,176.68972407875268,175.84453541059253,175.56326373452941,169.3001924058408,173.80571148365777,175.11028748315815,158.36425954647825,178.71535658525477,176.65164353952133
1184,19742,179.135470407604,175.69802185793847,175.84317475666103,174.70973058086335,169.14213331501074,174.1372310635837,175.2607985276671,158.15490330219166,178.67429327212625,176.49602074740818
1185,19759,179.42039609548945,175.79274278496982,175.83704951632737,174.58428811923739,169.13386821408466,174.08638542400988,175.2682761567543,158.1880704449062,178.82309436282605,176.32709057705296
1186,19775,179.69262887915696,175.37094072468412,175.8696829637148,174.1172208198134,169.02752506234296,174.0686365688411,175.27757739367323,158.04609139037518,179.07060513988876,176.04560700007815
1187,19792,179.833886077338,174.97133633707872,175.83125209659823,173.87803497565594,169.0461004568959,173.96029687226851,175.35665430270822,157.99542292151546,179.35812500020535,175.70455315668477
1188,19809,179.89973991411864,175.01628296601194,175.59896501745382,173.6257656558148,168.82572413258524,173.88489876615253,175.45135302216423,158.07970290233766,179.59642427474142,175.36986493413661
1189,19825,179.78229846113936,175.19314739426136,175.2169800856159,173.23633495092494,168.8033583510003,174.16915224553478,175.7361106769726,158.0471676577858,179.72578988544848,175.26889004140122
1190,19842,179.88404812927715,174.95749083804813,175.25265465247332,173.1671216133354,168.8158725031104,174.17891168796052,175.896459131718,158.13194912766667,179.81852029220602,175.10183965201685
1191,19859,179.9935409923931,175.65925454749458,175.23533661857118,173.4261807843311,168.9019664421197,174.16886906436415,175.97752291313526,158.29517467041157,179.87870271485326,175.15950241657896
1192,19875,179.56112143418406,176.5469462713078,174.3713811347698,173.5259016908399,168.638315619739,174.1419947283154,175.98988313023315,158.23001515230544,179.82414978622245,175.47462440342477
1193,19892,179.45094714989364,176.64383030044036,174.0632630911839,173.4309843550476,168.84018848340625,174.10218697495623,176.30341799955306,158.65508341169914,179.7343912333775,175.80013387031045
1194,19909,179.23799415256198,176.83294373941985,173.66955668133664,173.1644779225867,168.89264258217585,173.94660362270957,176.25883054007858,158.65890159349263,179.625530371662,176.12809313934216
1195,19925,178.9572144532673,176.8728234482844,173.57957149583703,173.23904552137162,168.92703321268826,173.89498978466023,176.37700878937858,158.68328773209117,179.44016363646,176.5111596613894
1196,19942,179.16701521817947,177.47224456272693,173.5818278487843,173.72925623806609,169.04665479971953,173.83898924953638,176.4614288215603,158.7547118134041,179.2748584816173,176.87375766443589
1197,19959,179.1208632288234,177.94027918407483,173.41750494935465,174.11389176777428,168.9123160556755,173.59881411495314,176.89304556101942,158.79095533788174,179.18680684054516,177.15242424698926
1198,19975,179.78937809429928,177.73124677788306,173.43231688390776,174.6608620167101,168.9260326081029,173.53477150468115,176.93572091208577,158.95626488460752,179.2544930294263,177.36990754247782
1199,19992,179.55868437258616,177.45849078882682,173.46175166042207,174.63607987236938,168.96949564612675,173.21097800992243,176.35353074418867,159.35865853050396,179.31863107343113,177.4950169523592
1200,20009,179.28289666439505,178.23305909584022,173.0267542805465,174.93710548740026,168.3345590853414,172.92646784116215,174.67553070043806,159.58464041075877,179.38376751565667,177.76706408187036
1201,20025,179.28244562719874,179.92964340799307,172.5918772501763,175.49668346990873,168.0613509854762,172.96830046060094,172.49850714031226,160.4232186258832,179.40685359746053,178.25854385092356
1202,20042,178.42849198847125,178.83884630881502,172.73219616270313,176.65100323897644,167.84118160177735,172.69168481054115,170.35993743041792,160.862798401584,179.2683793493901,178.43825727587165
1203,20059,177.15783255520617,178.08411581333453,173.53847651194306,177.4498695041489,167.63539687355126,172.6738016962076,168.00495755115813,160.75936015087547,178.74207024157147,178.50883108296193
1204,20075,174.91859950083983,177.84651271461587,174.93093469196114,177.59337271521787,166.9311933250594,172.79771365210223,166.2867448852891,161.4458960593948,177.8140532672222,178.58643546811976
1205,20092,169.1696888256391,177.65079421409126,178.20447113704944,178.56446563225893,165.88498285717267,172.78962296751666,163.95584607096148,162.83165127462834,175.791411699471,178.46998249176994
1206,20109,163.64089421354453,177.69478024227598,179.41916632743315,179.25479443496334,164.662690716597,171.72658681800303,163.7944250964681,161.79940181417203,172.66310141674018,178.02300985862652
1207,20125,160.55856414394378,177.75016846198773,178.09524090963754,179.17066716283668,163.8132213928164,171.629128740488,163.49613361354548,161.8542304242672,169.08911584783468,177.8052742892611
1208,20142,155.44954933166136,175.7320415810601,175.69851471004603,179.46559033332466,161.38436368548804,170.88632062598361,161.61762119786374,162.41215505981725,164.74745920312574,177.3348594428062
1209,20159,149.99114614902967,170.05788918341602,172.50569482416432,177.87137518351938,157.83861779226112,169.97198496541543,159.2909777572477,163.8023249761391,159.76196853276366,175.7771347365662
1210,20175,145.16935672990192,166.99402941478917,169.45434685698817,176.2734266250961,155.10728033619972,169.12833470500232,158.4128220664781,165.01518415356165,154.96190211361625,173.64578177670577
1211,20192,142.68592393580505,165.35795573283747,168.1633404207523,175.97067564401783,154.463385345787,167.65133289573842,162.9388927192384,164.67288830882424,150.77090805806833,171.17841687481808
1212,20209,140.51438731916218,160.18651843376028,167.42010854338545,173.76814459865628,154.09340678071206,167.2330902704257,163.09930477277865,164.4168205310691,146.76207269311203,167.6656868691726
1213,20226,136.90101124361894,156.0766139118194,165.64986106248477,171.50123330147215,154.26207197783438,166.61828177391632,163.4655831002529,164.21703660696133,143.0523650755036,163.73460133532447
1214,20242,132.74282190286698,148.7938416134625,163.25821479712195,167.19918696534816,153.8717715740382,165.408403835009,163.5713850774218,164.01362638335246,139.602700226271,159.48179182133376
1215,20259,132.17526443135785,146.22572125799437,166.06596818376664,166.18852495661167,153.4247170863139,163.29852302737444,165.60918136185305,163.6711297969588,137.0038817665622,155.32813018997481
1216,20276,128.26119596083905,145.1895766363926,165.26216437719415,166.1318785002758,151.38888486485877,163.66590734753896,166.74505338373214,163.8276656579277,134.118936171569,151.29445437068586
1217,20292,128.04744026539265,143.40847970114294,167.59124811877894,166.2622296480946,150.5591876599344,163.64970981409274,168.24389331105073,162.8547381524417,131.6255467608151,147.93884662416238
1218,20309,126.76246132664767,139.83500406381123,166.26628534803137,163.01816201367006,148.70721943943434,163.18751680706927,168.3570899723435,161.88132644044822,129.59783677742084,144.69052465456073
1219,20326,124.3310072632031,136.5853845916641,164.5891752835535,160.56107751337495,146.96677969299327,162.27750200500668,167.8690513342395,162.20270479395995,127.91547384948805,142.24883325020105
1220,20342,121.70314892940341,135.21009956664648,162.94738040681287,159.93143580953776,145.81525950697204,161.4528407452584,167.6270581662462,162.7454680911317,125.82105074909717,140.04570891193148
1221,20359,120.30931664308983,134.35343478662293,162.20768547437712,158.8179022245922,144.72546132476248,159.91472433867563,167.56809828496404,163.00761434763024,124.23067488554734,137.87848054197752
1222,20376,118.16968741418087,126.73578891655356,160.1722061780897,153.9982373638011,142.89488695542477,153.8844095452007,166.881273787612,162.44587722296072,122.25512431530498,134.54394238505967
1223,20392,116.05257958985736,120.60713762604449,158.43948408918706,149.80041148559178,142.10723881688162,149.9003179934596,166.97981661293352,162.26662084872464,120.11314796794693,130.69836909750632
1224,20409,112.99669880175513,112.23951280101298,156.25788695214464,144.93184626689916,140.99856678649718,144.94892749791902,166.72944437762135,162.856536305484,117.84628627565732,125.82919473937609
1225,20426,108.89153507686895,105.92890077334317,153.31587470285416,140.58053769366842,133.802085389604,138.9216669248501,164.07539296207005,161.7095853380176,115.28396350515042,119.97295498071544
1226,20442,106.42748634991415,110.64029680735801,151.25461539276168,142.83459600693453,131.16684686376192,138.27757800818833,161.55795358307552,161.22848780828627,112.50759744651528,115.23032738486242
1227,20459,105.46763069557072,110.45512616058355,150.5184988248723,142.2061792213501,132.73296539164357,135.7375111792817,161.75686112268377,160.79543312251434,109.96718610279326,111.97419483366843
1228,20476,103.97439459242142,109.19961848290583,149.4169300320587,141.27993432081507,132.10624596697988,135.49671378594812,160.78698748301022,159.88459373054863,107.55154910330607,109.6926910050407
1229,20492,101.15112930560558,108.42531979237107,146.91262534901355,140.1079810427156,131.015989145014,132.60669549905893,158.56349042586317,158.54553419172478,105.18243520407616,108.92985240331234
1230,20509,100.22019051670584,103.00984102896606,146.28498937524284,135.37367517775493,129.09103327264188,127.43258954358119,157.73988498820776,156.39052429037224,103.44816629204354,108.34604045443692
1231,20526,97.57865061787436,101.2301322602797,143.50970996133813,133.39499704596253,126.6491524838431,127.44504973302254,156.06543077051944,155.8781541151719,101.67839914563558,106.46400754502125
1232,20542,96.0031703063335,96.27284382224197,141.79292576315657,128.81095457965657,123.2366046279666,123.94371351281302,152.6715097753078,152.84469366458123,99.78550706778813,103.62755107735293
1233,20559,94.2175370822377,85.29069909433788,139.9361967273309,120.68026999695107,119.64982897073422,117.19487609287485,148.99344178337407,148.30987919478048,97.8341355657514,98.84576719963933
1234,20576,91.2527888881057,84.35796495583551,137.27371638755054,119.20434772719123,117.05996547482336,117.6461224579361,145.90447643765734,147.95764545159813,95.85446748225142,94.03229623233221
1235,20592,89.46286201572548,83.43475126056556,135.49766255581667,118.14889619522226,114.84537125541887,115.22923168878364,144.40547419305034,146.3093829200358,93.70300178205534,90.11727827865214
1236,20609,88.14276002284323,82.27581747768537,134.73120843597817,116.99219852109009,114.30810408973237,116.37680111602654,144.0683909198058,146.66600458092427,91.81582366304912,86.32641532213327
1237,20626,86.56341794444484,77.94290901531164,132.58479718776093,113.63692481802184,112.66861036629058,112.76537291604036,141.90737361204094,143.15283651192556,89.92787319067139,82.6604283607472
1238,20642,86.4451960278751,80.21665149675403,132.54965503767838,115.04047524904693,113.3799437360928,114.16897576394621,142.42255952786218,144.32694424321056,88.37340497979888,81.64561884123042
1239,20659,84.23110793715188,75.2801530608922,129.6335824621921,111.100030713847,109.57524209255392,110.9435253224776,138.9956931055362,140.6158341519819,86.9690687896081,79.83005646224176
1240,20676,82.7410112103235,72.34417278737143,127.93879039200131,107.4561221592238,107.41210796323134,108.12256202422031,137.4044854244354,136.65891529708665,85.62469862852771,77.61194076760293
1241,20692,82.73449939584724,73.80956035930414,127.85041289738903,108.35743854016573,109.16581530173711,111.06045682367919,138.32362435137244,138.89498610740213,84.54304650312852,75.9186893439267
1242,20709,83.02015004347125,76.43439856660854,128.02423162039037,109.97410585626677,110.50448954469417,114.28193651765028,138.68671512943678,141.42190344731637,83.8343929229338,75.61698725418606
1243,20726,83.12303300285427,76.89613373845413,128.3822813341184,110.43742222245136,110.92582496766822,115.16985279621022,138.95463542420444,142.43719604701047,83.16996031792962,74.9528837025261
1244,20742,84.11521430095061,78.70669291773301,129.286915175853,112.04117011598156,111.58208683227421,116.0207402589104,139.703693934481,143.51493707766045,83.14678159068937,75.63819167389424
1245,20759,85.35222491144707,80.27864973773131,130.91141271096606,113.76969913481652,111.78813303684178,115.46801250017502,140.66541060114955,145.0748121519335,83.66902433091408,77.22508706396623
1246,20776,87.84185869407838,85.7095013165836,133.5186943598182,119.35880341411057,119.71240917600697,125.69538812982952,146.66281570126415,153.0566167907158,84.69049619056031,79.60507525542212
1247,20792,90.1942938867101,91.49206654348868,135.46827148520813,124.6960900849582,125.30914797664494,130.62210263790115,150.60127955212812,156.35668073091776,86.12532495920809,82.61660885079814
1248,20809,93.17882178234306,93.45802000112334,138.44892011638103,127.19757892831657,129.7002861834924,132.67573997950024,153.92397516971076,159.13345388179488,88.13648271510584,85.928986103332
1249,20826,94.49659450981888,93.76233267600917,139.85202178938445,128.31228756680315,129.60094857370214,132.81655833705895,154.0433904437747,159.01881768264136,90.2127587568795,88.94011405498723
1250,20842,97.00974550109777,95.72261761661733,142.22846140284594,130.32926721637315,130.89938614860276,136.54141037957643,155.27429673009627,160.63005501574173,92.54426287480963,92.02890763076444
1251,20859,101.05118742183927,103.064767018741,145.71891446518745,135.3541474848962,134.2918267645194,143.0636046114906,159.29481013739095,161.4718202681948,95.18612862036181,95.4999607711959
1252,20876,104.94357856262582,105.82965505971735,148.85456990865703,138.24840716113644,135.52317475409964,144.8538379581716,160.42011548918796,162.9071453416412,98.13598555554495,98.36747847444164
1253,20892,109.16579345191917,107.81464665573183,151.5023674222991,139.44799710644648,136.96593045474364,146.0143386542796,161.20859368991725,162.77705158276257,101.33337988946019,101.23880380536335
1254,20909,112.20909434168198,110.30518579290549,151.9378819314681,140.00332048626825,137.27361682666657,144.63100275657183,160.62930132918598,163.0310354011926,104.87587985583279,104.54737442874261
1255,20926,118.99691556517074,120.96654489695712,156.24231665917134,146.3774906884379,143.154553592909,150.46014076490465,162.6816681980495,165.39729371313015,109.27331386864739,109.59615988481055
1256,20943,120.65468427386318,122.10360371454858,154.47778677390022,147.3545160239246,143.69616160673348,149.98972310193858,160.8156916496974,165.39087636404574,113.19401323905217,113.40392722397208
1257,20959,122.92048848113784,131.15055336647612,155.01830967220928,152.64589429881792,146.28788815995526,155.21905244200715,161.76209869725946,166.92306354304827,116.78939522275456,118.46810688532382
1258,20976,126.95418298069876,135.41742373160915,155.5424944566707,153.6695835441351,149.3032034631584,155.2512186462758,160.23038260725014,166.4668354340832,120.34707312851052,123.9886623004993
1259,20993,132.0796852207856,133.0339890093805,155.47787065908045,150.61059281224328,151.3263652300411,153.2861386896231,158.32559950366456,166.3888960033198,124.32119130433122,128.53442294379428
1260,21009,137.0325834475372,136.24189500106922,155.73532811289988,151.84073211245988,154.3374497046211,154.03530842705834,157.22786593183054,166.50859270656758,127.92832488080452,131.58949296461668
1261,21026,142.85163290509868,139.2326363022137,157.98304309154364,153.44495593299297,156.17659905940454,155.39838069110783,156.6035514245668,166.75130244080552,132.3677146070516,135.01529948214974
1262,21043,148.51525445819553,144.73340811731708,161.66174542610844,155.80078541695053,158.3852618136194,158.00292690444476,156.79481053680695,168.45869997738103,137.48666780246316,137.73187043231792
1263,21059,150.16965402716994,152.1754140962473,163.38822560713922,160.0524724783362,158.32667860051498,163.08829971433752,157.07940277033606,169.94496785805956,142.12976201175738,141.08346850524558
1264,21076,155.08620901803937,154.47142554398806,166.88508634277397,161.35068728159888,158.58363852060916,163.3971138090399,157.24995528100303,169.24405712710623,146.73106677120813,145.37095581216707
1265,21093,159.4980484686126,157.1489828061392,170.33540578892095,164.1415434179626,160.3887682609146,164.03671329161332,157.9666878441682,169.44374446430166,151.22415977542323,149.55237337318107
1266,21109,162.2198057390829,158.3936894455792,172.85437634806092,166.9488195350475,161.51357325650767,164.42217208630916,158.14436071379558,169.84187387976635,155.09779434222006,153.38458400185417
1267,21126,164.49012525247704,164.39956545845445,174.90760560795184,171.557561358436,162.48686754206193,166.79593372518556,159.14455250693808,169.9856458902294,158.29276850107635,157.31781547008163
1268,21143,166.75103856288302,170.27083960226815,176.4138936806448,174.7284365101686,162.56496590234076,168.41873447634035,159.72056810174277,169.92794274676706,161.60904540821898,160.93690057128578
1269,21159,169.29360383793184,174.6463464597862,178.28216287914663,177.34492172393607,162.74933960592767,169.39324084497267,159.9623512469353,169.9437966031342,164.45052437219746,164.97188475444543
1270,21176,172.93595333183492,175.62148771292922,179.22952916698702,178.72617223256785,163.324226635676,170.35421185898892,160.55398271347548,169.73662062757006,167.13810534484196,168.66638573580346
1271,21193,174.03144795861533,176.7277653094471,178.13804432078726,179.61286645719358,162.93831177163443,170.40275885035388,160.34540283315837,169.68432312339024,169.50043378874847,172.33320090857703
1272,21209,173.7204138338241,176.69334613424434,177.65602903267944,179.80993033157839,162.6086832045103,171.0405957577385,160.37727786960832,169.15514743251094,171.3464915050178,174.791957043735
1273,21226,176.25569843727524,176.80689292844588,175.82656884978522,179.5684188210715,162.721662989733,170.73338558472474,160.40449563525823,168.82832191621233,173.24742347989627,176.09916770897058
1274,21243,177.70322808301657,175.3130090032517,174.70799293141403,179.79280126319415,163.0844665054923,170.89877250604675,160.46984525664746,168.6756762842866,174.92934832891325,176.23250021766367
1275,21259,178.75163627836432,175.14318875537637,173.92833406215675,179.31441045975242,163.22828689383832,171.04307438334217,160.4562307322118,168.69717909887157,176.0924849182191,176.13684042615307
1276,21276,179.15891586504193,174.97595810617855,172.0350219788741,178.79343303001602,164.22846889873517,171.14524660578704,160.30742406668637,168.69996976231016,177.11797849950443,175.7864789854994
1277,21293,177.73794968731332,174.90511283578167,170.92897098782,178.7393515667966,164.72518441879348,171.6097038687805,160.2216874504809,168.9458783817578,177.9214856702023,175.42883232580684
1278,21309,175.8545264834916,175.18883922666473,169.78362462158432,178.55145760081197,164.93388411043182,171.88624097775798,160.14683683473848,169.13397763828988,177.84125127944554,175.1052215854506
1279,21326,175.80471857098198,175.5151466140133,169.7135213152894,178.24991594066947,165.1705733302188,172.0031817443503,160.04269654181456,169.75486810033047,177.46154937703864,175.1456491076029
1280,21343,175.74469325004802,175.38616174531393,169.50234852252612,177.58802434194197,164.72663074700873,171.94459536309103,160.06545602603254,169.66008834537084,176.8601607713754,175.19424370559045
1281,21359,175.40676533452157,174.70601193657302,169.381030156514,177.8805430626484,164.73459361969702,172.24165711163332,160.04169201265677,169.69357234402716,176.10973066527131,175.14025447166938
1282,21376,176.4797131918248,176.20312905488223,169.52461573726308,177.07125361434706,164.2756408666548,172.44348599350297,160.19062185185254,169.61933055305963,175.8580833661736,175.39985771548942
1283,21393,177.18096171365937,175.8912312179385,169.58137024271002,177.03970814396789,164.3581772963223,172.47239616479274,160.17854520954847,169.95890306159257,176.12337041220715,175.54033611374422
1284,21409,177.66347264426685,176.2051992863884,169.34177300575047,176.79283383219243,164.3863250419707,172.54190196311478,159.98435076773896,170.40488112084316,176.49512122686411,175.67834664821922
1285,21426,177.74635480810173,177.1758457092563,168.9768515838525,176.61478918677926,164.25206978051864,173.00710817872644,159.19347273216977,170.60800477545354,176.89545353847487,176.0362834410077
1286,21443,178.4825945091566,177.36429561150536,169.11279225555697,176.26231419603386,164.00278080786677,172.99066333741092,159.1559715787768,170.94886364643807,177.51061937340185,176.56794017599415
1287,21459,178.70410051353696,177.6212428680896,169.07578928756666,176.250664640802,163.8260757867981,173.1211971774833,159.1299411217427,170.70516447261332,177.9554968377443,176.8515629386356
1288,21476,178.84082442444765,177.3837872118268,169.2000354219701,176.27016394963624,163.6881823004833,173.02126573337742,159.2718827995106,171.02680808639045,178.28746937990195,177.15007413741327
1289,21493,179.26114413915263,177.34514544339714,169.15616554644527,176.28086290719946,164.16462268265076,172.99216122905983,159.64733251922047,171.25276418275521,178.6070036788791,177.37806336881505
1290,21509,179.5978172510494,177.85088910921596,169.19811844779377,176.41771187650468,164.69999126649392,173.45592252742122,159.2663797377753,171.22609525416684,178.97729616746864,177.51307204880698
1291,21526,179.79540989271075,178.3248228137875,169.0093859416968,175.907346579006,164.60398731342846,173.46448106730853,159.36240940168864,170.98544971670876,179.23985924417946,177.70517748926338
1292,21543,179.9700171610071,177.51541838983152,169.35559912276463,176.96462983753253,164.42593316792858,173.49053804115746,159.15762558397364,171.16894541032474,179.49304257367348,177.68401259361178
1293,21559,179.98041429017695,179.04069885161132,169.0561664281363,175.7120648890313,164.44438136629145,173.40617871831407,159.68239261522118,170.23595417367008,179.72096054681933,178.01539492156869
1294,21576,179.70693749360416,178.73445167239979,169.22443883825298,176.6669322551819,164.55146790263285,173.6428186212132,159.50920861957735,170.26070696279754,179.81011921770966,178.2932561673692
1295,21593,179.86826248739948,179.2463972706302,169.17170026542937,176.10024110327186,164.91787936572516,173.71027380931696,159.9840745405279,170.08610758346552,179.8642082649797,178.57235779965208
1296,21609,179.98387379200537,178.4886779286212,169.05682410508152,176.39714937483822,164.81965639959287,173.6945938127495,159.9933554052548,170.29173764649815,179.90190104483864,178.60512882261884
1297,21626,179.81084441343376,177.9180006781897,169.88766264598343,177.10255073258006,164.90438817388426,173.78323245935354,159.98152381574386,170.32168884744812,179.87006649532393,178.68564528029043
1298,21643,179.86661584107188,177.6588583750496,169.93641516361683,177.46380354301337,164.7719639796151,173.80379762408757,160.4441828672381,170.50348075816413,179.8473068055029,178.4092771849781
